Star,IM,Max,SNR,X,Y,Sky,Air,B-V,I-mag,estimate,active
105,-9.357,12752,170,1077.251,1233.948,215,1.152,0.25,10.141,19.498,TRUE
108,-9.215,12937,382,995.238,1328.468,223,1.152,0.626,10.127,19.342,TRUE
110,-10.733,52443,792,1174.724,1281.059,240,1.152,1.962,8.587,19.32,TRUE
110_1,-8.956,7771,113,1088.636,1225.871,249,1.152,0.348,10.587,19.543,TRUE
111,-8.724,7891,117,1012.287,1186.579,250,1.152,0.384,10.664,19.388,TRUE
112,-8.567,6461,137,1054.27,1094.777,232,1.153,0.376,10.76,19.327,TRUE
112_1,-8.574,6428,56,1039.934,1230.763,239,1.152,0.335,10.804,19.378,TRUE
113,-8.463,6908,158,1182.273,1264.455,220,1.152,0.319,10.917,19.38,TRUE
113_1,-9.34,13688,142,1034.426,1182.962,246,1.152,0.95,10.058,19.398,TRUE
113_2,-8.808,7652,316,945.974,1156.479,230,1.152,0.595,10.541,19.349,TRUE
114,-8.496,5499,245,1192.297,1201.809,225,1.152,0.363,10.921,19.417,TRUE
114_1,-9.521,15007,393,1171.324,1267.833,237,1.152,1.61,9.815,19.336,TRUE
114_2,-8.563,6659,99,1124.867,1227.963,270,1.152,0.412,10.866,19.429,TRUE
114_3,-8.436,5977,130,1125.434,1138.083,236,1.153,0.331,10.947,19.383,TRUE
114_4,-9.216,13080,231,1112.807,1111.891,242,1.153,1.198,10.088,19.304,TRUE
114_5,-9.605,17158,199,1099.604,1230.014,240,1.152,1.561,9.757,19.362,TRUE
114_6,-8.684,5597,273,1097.736,1074.45,226,1.153,0.314,10.923,19.607,TRUE
114_7,-8.39,5516,118,1047.194,1111.302,251,1.153,0.332,10.994,19.384,TRUE
114_8,-8.402,5971,254,1035.469,1364.468,220,1.152,0.314,10.997,19.399,TRUE
114_9,-9.562,16783,373,993.268,1093.652,230,1.153,1.704,9.735,19.297,TRUE
115,-9.497,16595,169,1120.023,1208.445,226,1.152,1.702,9.861,19.358,TRUE
115_1,-8.408,5198,91,1119.222,1247.178,235,1.152,0.416,10.973,19.381,TRUE
115_2,-8.396,5192,124,1072.877,1120.492,239,1.153,0.433,10.976,19.372,TRUE
115_3,-8.486,4573,112,1030.199,1224.915,262,1.152,0.309,11.135,19.621,TRUE
115_4,-9.427,15858,460,812.483,1108.019,218,1.152,1.661,9.872,19.299,TRUE
116,-9.193,11222,402,1292.234,977.922,222,1.153,1.484,10.144,19.337,TRUE
116_1,-8.174,4805,203,1188.688,999.051,216,1.153,0.375,11.186,19.36,TRUE
116_2,-8.283,4936,93,1042.382,1129.727,231,1.153,0.361,11.154,19.437,TRUE
116_3,-9.503,15925,351,1024.505,1247.16,235,1.152,1.696,9.851,19.354,TRUE
116_4,-8.348,5091,197,1014.261,1126.192,229,1.152,0.388,11.07,19.418,TRUE
116_5,-8.255,4927,242,931.021,979.062,220,1.153,0.419,11.056,19.311,TRUE
117,-8.219,4819,227,1209.876,1238.803,224,1.152,0.4,11.247,19.466,TRUE
117_1,-9.392,10388,413,1182.396,1176.733,233,1.153,1.451,10.235,19.627,TRUE
117_2,-8.045,4400,206,1141.979,1056.62,222,1.153,0.304,11.333,19.378,TRUE
117_3,-8.174,4299,43,1055.264,1192.664,277,1.152,0.389,11.2,19.374,TRUE
117_4,-8.31,4171,88,1054.343,1231.941,249,1.152,0.39,11.186,19.496,TRUE
117_5,-9.121,11296,375,1046.902,1008.067,221,1.153,1.497,10.191,19.312,TRUE
117_6,-8.194,4818,231,1016.702,1420.872,214,1.151,0.46,11.159,19.353,TRUE
117_7,-9.047,10251,355,939.01,1266.198,222,1.152,1.508,10.255,19.302,TRUE
118,-7.961,3756,162,1189.357,1111.189,222,1.153,0.312,11.412,19.373,TRUE
118_1,-8.318,4165,210,1178.232,1153.805,234,1.153,0.284,11.425,19.743,TRUE
118_10,-9.168,12748,406,854.527,1441.414,216,1.151,1.702,10.162,19.33,TRUE
118_2,-8.867,9944,327,1152.291,1057.323,220,1.153,1.207,10.477,19.344,TRUE
118_3,-8.36,4122,150,1143.804,1137.994,235,1.153,0.322,11.403,19.763,TRUE
118_4,-8.909,9828,324,1130.802,1007.956,221,1.153,1.393,10.422,19.331,TRUE
118_5,-9.126,9669,117,1081.364,1171.646,222,1.152,1.414,10.435,19.561,TRUE
118_6,-9.005,9833,335,1075.246,1381.998,219,1.152,1.561,10.304,19.309,TRUE
118_7,-8.061,4561,44,1057.827,1208.269,262,1.152,0.355,11.332,19.393,TRUE
118_8,-8.214,4021,70,1014.292,1144.185,222,1.152,0.404,11.26,19.474,TRUE
118_9,-8.082,4157,132,998.742,1241.829,228,1.152,0.369,11.326,19.408,TRUE
119,-7.834,3580,168,1228.391,1140.215,220,1.153,0.339,11.507,19.341,TRUE
119_1,-8.073,4281,107,1121.08,1191.686,225,1.152,0.391,11.393,19.466,TRUE
119_2,-8.874,7833,142,1119.593,1223.685,270,1.152,1.322,10.517,19.391,TRUE
119_3,-7.964,3348,39,1115.666,1230.888,253,1.152,0.367,11.504,19.468,TRUE
119_4,-8.24,3790,70,1075.19,1178.057,260,1.152,0.345,11.491,19.731,TRUE
119_5,-8.097,3763,65,1055.869,1132.714,223,1.153,0.36,11.429,19.526,TRUE
119_6,-7.834,3283,134,970.153,1288.914,221,1.152,0.337,11.496,19.33,TRUE
119_7,-8.896,8651,287,953.22,1203.956,225,1.152,1.473,10.397,19.293,TRUE
119_8,-8.917,8186,320,943.205,1282.877,220,1.152,1.54,10.373,19.29,TRUE
119_9,-7.988,4311,202,902.38,1020.973,218,1.153,0.436,11.346,19.334,TRUE
120,-8.332,4831,64,1102.862,1235.496,247,1.152,0.454,11.407,19.739,TRUE
120_1,-7.952,3592,33,1079.64,1187.833,215,1.152,0.415,11.478,19.43,TRUE
120_2,-8.037,3763,159,957.19,1194.181,227,1.152,0.416,11.463,19.5,TRUE
120_3,-7.769,3375,163,944.722,1237.182,225,1.152,0.329,11.552,19.321,TRUE
120_4,-7.824,3434,154,941.827,1117.467,223,1.152,0.394,11.504,19.328,TRUE
120_5,-7.629,2960,167,850.572,1412.56,214,1.151,0.264,11.692,19.321,TRUE
121,-7.954,3215,56,1080.448,1207.443,240,1.152,0.382,11.642,19.596,TRUE
121_1,-7.626,2780,89,1076.395,1037.835,215,1.153,0.35,11.723,19.349,TRUE
121_2,-7.649,3135,86,1066.499,1096.697,252,1.153,0.371,11.627,19.276,TRUE
121_3,-8.339,4444,195,905.979,1378.507,227,1.151,0.94,11.104,19.443,TRUE
122,-8.21,4838,184,1102.726,1073.961,226,1.153,0.35,11.76,19.97,TRUE
122_1,-7.773,2482,25,1069.501,1172.034,263,1.152,0.365,11.814,19.587,TRUE
122_2,-7.665,3018,105,946.603,1100.608,221,1.152,0.446,11.661,19.326,TRUE
122_3,-7.64,3325,158,826.7,1062.048,214,1.152,0.434,11.667,19.307,TRUE
123,-7.41,2624,137,1318.838,1059.289,220,1.153,0.328,11.946,19.356,TRUE
123_1,-7.657,2595,158,1281.754,1052.624,218,1.153,0.312,11.948,19.605,TRUE
123_2,-7.431,2601,126,1276.655,1365.759,219,1.152,0.364,11.912,19.343,TRUE
123_3,-7.59,2876,62,1146.958,1152.104,229,1.153,0.377,11.814,19.404,TRUE
123_4,-7.686,2201,49,1111.554,1203.141,260,1.152,0.432,11.797,19.483,TRUE
123_5,-7.533,2871,142,1090.281,992.483,219,1.153,0.407,11.829,19.362,TRUE
123_6,-7.571,2960,71,1084.434,1043.341,221,1.153,0.369,11.808,19.379,TRUE
123_7,-7.668,2667,123,879.329,1131.474,212,1.152,0.456,11.682,19.35,TRUE
124,-7.439,2858,22,1064.409,1194.237,264,1.152,0.445,11.897,19.336,TRUE
124_1,-7.399,2379,124,1032.943,949.232,220,1.153,0.334,11.945,19.344,TRUE
125,-7.337,2473,112,1210.895,1256.617,229,1.152,0.393,11.984,19.321,TRUE
125_1,-7.188,2211,76,1158.873,1178.892,230,1.153,0.34,12.178,19.366,TRUE
125_2,-8.01,2513,30,1064.023,1177.037,239,1.152,0.458,11.809,19.819,TRUE
125_3,-7.267,2034,33,1013.919,1212.255,243,1.152,0.324,12.115,19.382,TRUE
125_4,-7.29,2337,117,981.576,948.846,221,1.153,0.404,12.048,19.338,TRUE
125_5,-7.238,2362,113,908.549,982.77,221,1.153,0.34,12.087,19.325,TRUE
125_6,-7.454,2744,144,808.157,1015.36,216,1.153,0.502,11.86,19.314,TRUE
126,-7.235,2117,117,1268.439,1352.845,218,1.152,0.388,12.122,19.357,TRUE
126_1,-7.354,2446,76,1172.912,1224.368,224,1.152,0.408,12.067,19.421,TRUE
126_2,-7.23,2150,129,1139.211,1407.299,215,1.152,0.422,12.127,19.357,TRUE
126_3,-7.287,2127,71,1136.838,1185.189,227,1.152,0.395,12.12,19.407,TRUE
126_4,-7.37,1875,63,1129.024,1145.742,234,1.153,0.402,12.156,19.526,TRUE
126_5,-7.274,2118,65,1121.099,1148.468,241,1.153,0.395,12.104,19.378,TRUE
126_6,-7.527,2331,91,1094.717,1107.054,240,1.153,0.345,12.132,19.659,TRUE
126_7,-7.9,2088,99,1089.941,1130.282,232,1.153,0.351,12.121,20.021,TRUE
126_8,-7.308,2368,43,1069.147,1107.63,231,1.153,0.418,12.142,19.45,TRUE
126_9,-7.253,1938,108,943.795,953.446,217,1.153,0.352,12.103,19.356,TRUE
127,-7.648,1957,145,1235.539,1197.378,225,1.153,0.395,12.212,19.86,TRUE
127_1,-7.018,1823,77,1184.818,1143.897,227,1.153,0.305,12.316,19.334,TRUE
127_2,-7.479,2126,75,1118.929,1275.842,227,1.152,0.509,11.989,19.468,TRUE
127_3,-7.134,2155,35,1002.166,1112.395,236,1.153,0.412,12.242,19.376,TRUE
127_4,-7.493,2326,137,935.517,1025.77,217,1.153,0.373,12.287,19.78,TRUE
127_5,-7.24,1703,135,857.724,988.654,218,1.153,0.363,12.222,19.462,TRUE
128,-7.483,1873,122,1240.255,1199.318,223,1.153,0.398,12.248,19.731,TRUE
128_1,-7.095,1682,64,1199.173,1169.838,230,1.153,0.297,12.482,19.577,TRUE
128_10,-6.987,1722,93,1016.32,1300.594,216,1.152,0.379,12.335,19.322,TRUE
128_11,-7.179,1836,55,1015.712,1106.706,226,1.153,0.443,12.289,19.468,TRUE
128_12,-7.402,1807,45,1015.124,1150.848,222,1.152,0.383,12.36,19.762,TRUE
128_13,-7.032,1948,68,982.217,1319.335,221,1.152,0.377,12.356,19.388,TRUE
128_14,-6.972,1742,100,956.873,1020.083,215,1.153,0.399,12.357,19.329,TRUE
128_15,-7.771,2876,158,937.48,1080.45,224,1.153,0.886,11.803,19.574,TRUE
128_2,-7.082,1626,78,1165.558,1205.137,231,1.152,0.362,12.418,19.5,TRUE
128_3,-7.097,1512,78,1129.512,1273.505,222,1.152,0.416,12.296,19.393,TRUE
128_4,-7.563,1645,135,1127.17,953.335,220,1.153,0.374,12.353,19.916,TRUE
128_5,-7.199,2016,36,1097.743,1201.346,229,1.152,0.406,12.268,19.467,TRUE
128_6,-7.127,1687,103,1089.372,1322.65,217,1.152,0.338,12.409,19.536,TRUE
128_7,-7.13,1799,61,1077.133,1049.618,224,1.153,0.304,12.389,19.519,TRUE
128_8,-7.097,1872,21,1070.347,1146.617,214,1.152,0.385,12.372,19.469,TRUE
128_9,-7.209,1829,23,1058.305,1115.825,243,1.153,0.387,12.292,19.501,TRUE
129,-6.929,1536,93,1282.238,1265.149,216,1.152,0.385,12.434,19.363,TRUE
129_1,-6.935,1694,94,1135.836,1332.641,221,1.152,0.391,12.434,19.369,TRUE
129_10,-7.187,1772,72,982.149,1292.305,225,1.152,0.408,12.391,19.578,TRUE
129_11,-6.994,1763,82,969.487,1166.698,223,1.152,0.4,12.36,19.354,TRUE
129_12,-7.041,1658,85,967.216,1311.998,217,1.152,0.387,12.409,19.45,TRUE
129_13,-6.995,1487,64,963.494,1237.362,218,1.152,0.413,12.408,19.403,TRUE
129_14,-6.825,1480,81,891.155,1414.851,212,1.151,0.361,12.529,19.354,TRUE
129_15,-8.011,3898,197,817.069,1076.442,219,1.152,1.429,11.424,19.435,TRUE
129_2,-7.082,1474,36,1131.038,1114.245,249,1.153,0.417,12.41,19.492,TRUE
129_3,-7.237,1973,129,1126.222,1453.423,212,1.151,0.7,12.152,19.389,TRUE
129_4,-6.841,1663,51,1081.351,1090.851,235,1.153,0.408,12.447,19.288,TRUE
129_5,-7.023,1857,76,1053.26,1045.15,223,1.153,0.435,12.362,19.385,TRUE
129_6,-7.016,1651,97,1048.232,1347.937,217,1.152,0.469,12.328,19.344,TRUE
129_7,-6.858,1659,35,1042.216,1250.437,226,1.152,0.367,12.489,19.347,TRUE
129_8,-7.004,1599,34,1040.016,1096.151,236,1.153,0.45,12.386,19.39,TRUE
129_9,-6.82,1458,26,996.049,1184.603,257,1.152,0.323,12.519,19.339,TRUE
130,-6.654,1449,69,1224.842,1070.864,220,1.153,0.306,12.721,19.375,TRUE
130_1,-7.651,2126,88,1117.74,1271.603,228,1.152,0.428,12.511,20.162,TRUE
130_2,-6.965,1418,52,1019.51,1096.429,228,1.153,0.467,12.463,19.428,TRUE
130_3,-6.948,1692,40,991.082,1191.211,220,1.152,0.388,12.519,19.467,TRUE
130_4,-6.808,1560,97,959.839,1339.829,218,1.152,0.42,12.523,19.331,TRUE
130_5,-6.785,1564,70,909.192,1085.451,216,1.152,0.387,12.545,19.33,TRUE
130_6,-7.829,3632,143,898.192,1076.672,223,1.152,1.545,11.452,19.281,TRUE
130_7,-6.788,1564,80,835.556,1016.741,217,1.153,0.399,12.527,19.315,TRUE
130_8,-8.052,4528,204,809.373,1131.869,219,1.152,1.722,11.208,19.26,TRUE
131,-6.767,1339,88,1261.966,1171.427,216,1.153,0.439,12.63,19.397,TRUE
131_1,-6.68,1423,93,1188.331,1341.488,217,1.152,0.379,12.683,19.363,TRUE
131_2,-6.848,1567,59,1172.472,1232.528,225,1.152,0.391,12.647,19.495,TRUE
131_3,-6.883,1354,44,1097.342,1110.601,240,1.153,0.38,12.696,19.579,TRUE
131_4,-6.949,1351,51,995.381,1117.511,224,1.152,0.403,12.632,19.581,TRUE
131_5,-6.889,1425,62,971.061,1078.337,227,1.153,0.479,12.52,19.409,TRUE
131_6,-6.906,1501,51,959.333,1086.157,224,1.153,0.489,12.483,19.389,TRUE
131_7,-6.78,1334,40,955.034,1100.002,218,1.152,0.402,12.654,19.434,TRUE
132,-6.768,1373,79,1218.098,1292.653,217,1.152,0.498,12.701,19.469,TRUE
132_1,-7.453,3814,126,1214.531,1235.528,224,1.152,0.411,12.703,20.156,TRUE
132_10,-6.51,1259,77,969.487,1414.781,215,1.151,0.374,12.792,19.302,TRUE
132_11,-7.328,2643,104,942.807,1081.277,224,1.153,0.439,12.695,20.023,TRUE
132_12,-6.577,1200,74,888.086,1188.21,219,1.152,0.36,12.758,19.335,TRUE
132_13,-8.435,6423,242,873.537,1121.919,218,1.152,2.129,10.831,19.266,TRUE
132_2,-7.764,3485,165,1171.887,981.916,218,1.153,1.564,11.573,19.337,TRUE
132_3,-6.533,1396,22,1092.92,1118.809,254,1.153,0.395,12.724,19.257,TRUE
132_4,-6.895,1290,47,1078.28,1064.756,222,1.153,0.396,12.755,19.65,TRUE
132_5,-8.41,5192,130,1073.151,1119.893,236,1.153,0.376,12.8,21.21,TRUE
132_6,-7.14,1330,86,1063.453,1074.874,232,1.153,0.406,12.646,19.786,TRUE
132_7,-8.221,4592,212,1041.089,1273.367,223,1.152,0.422,12.693,20.914,TRUE
132_8,-6.473,1282,28,993.724,1227.676,233,1.152,0.34,12.816,19.289,TRUE
132_9,-6.955,1354,37,992.044,1155.069,218,1.152,0.427,12.688,19.643,TRUE
133,-6.545,1233,33,1160.295,1214.897,228,1.152,0.364,12.835,19.38,TRUE
133_1,-6.562,1353,55,1117.592,1170.452,234,1.152,0.444,12.839,19.401,TRUE
133_2,-7.026,1333,87,1090.302,1419.02,217,1.152,0.516,12.558,19.584,TRUE
133_3,-6.762,930,31,1012.857,1244.075,218,1.152,0.404,12.895,19.657,TRUE
133_4,-9.57,16783,378,992.669,1093.543,230,1.153,0.754,12.429,21.999,TRUE
133_5,-6.542,1169,67,862.551,1128.197,217,1.152,0.358,12.903,19.445,TRUE
134,-7.238,2061,122,1273.103,1067.643,218,1.153,1.297,12.142,19.38,TRUE
134_1,-7.331,2374,100,1244.074,1158.405,225,1.153,1.417,11.952,19.283,TRUE
134_2,-7.407,2565,87,1161.036,1192.142,228,1.152,1.49,11.904,19.311,TRUE
134_3,-6.885,1280,24,1116.734,1259.342,235,1.152,0.416,12.873,19.758,TRUE
134_4,-6.374,1020,69,1111.571,1344.931,219,1.152,0.416,12.954,19.328,TRUE
134_5,-7.209,1280,35,1113.646,1258.595,231,1.152,0.381,12.932,20.141,TRUE
134_6,-6.449,1220,62,1074.704,1301.145,219,1.152,0.391,12.932,19.381,TRUE
134_7,-6.566,1171,76,1035.442,1318.929,214,1.152,0.395,12.904,19.47,TRUE
134_8,-6.64,1260,67,1030.213,1373.303,218,1.152,0.499,12.812,19.452,TRUE
135,-7.476,2814,101,1186.585,1073.776,221,1.153,1.718,11.807,19.283,TRUE
135_1,-6.223,993,37,1170.086,1053.288,222,1.153,0.331,13.109,19.332,TRUE
135_2,-6.462,986,24,1065.2,1246.439,230,1.152,0.456,13.046,19.508,TRUE
135_3,-6.6,1127,30,1027.785,1107.024,236,1.153,0.416,12.973,19.573,TRUE
135_4,-6.826,1184,49,1021.864,1106.259,229,1.153,0.398,13.034,19.86,TRUE
135_5,-6.762,1083,39,1006.233,1217.754,220,1.152,0.393,12.901,19.663,TRUE
135_6,-6.372,1119,49,986.387,1263.931,217,1.152,0.429,12.971,19.343,TRUE
135_7,-6.552,1009,45,979.072,1237.682,230,1.152,0.429,12.866,19.418,TRUE
135_8,-7.211,2087,98,881.163,1023.582,217,1.153,1.436,12.073,19.284,TRUE
136,-7.947,4184,192,1312.692,1094.797,219,1.153,2.028,11.369,19.316,TRUE
136_1,-6.356,1025,58,1253.995,1268.738,219,1.152,0.439,13.083,19.439,TRUE
136_10,-7.499,2435,123,874.514,1166.524,217,1.152,1.58,11.881,19.38,TRUE
136_11,-6.232,1003,51,873.777,1045.936,218,1.153,0.433,13.154,19.386,TRUE
136_12,-6.204,1014,46,843.118,1005.389,216,1.153,0.429,13.117,19.321,TRUE
136_2,-6.304,909,22,1143.571,1110.367,225,1.153,0.392,13.223,19.527,TRUE
136_3,-6.377,1036,26,1141.868,1167.668,222,1.153,0.41,13.122,19.499,TRUE
136_4,-6.62,1172,28,1121.106,1106.812,247,1.153,0.626,12.868,19.488,TRUE
136_5,-6.912,1092,21,1066.562,1155.986,232,1.152,0.52,12.966,19.878,TRUE
136_6,-7.797,2852,89,1060.29,1155.612,246,1.152,0.41,13.189,20.986,TRUE
136_7,-6.329,962,56,1009.746,1296.36,218,1.152,0.407,13.15,19.479,TRUE
136_8,-6.506,995,21,1002.827,1191.375,240,1.152,0.451,13.078,19.584,TRUE
136_9,-6.677,1207,52,949.436,1276.24,225,1.152,0.71,12.786,19.463,TRUE
137,-7.224,2031,121,1302.794,1160.612,214,1.153,1.552,12.136,19.36,TRUE
137_1,-6.21,1025,40,1211.766,1049.049,217,1.153,0.42,13.19,19.4,TRUE
137_10,-6.506,1005,73,916.199,1286.399,223,1.152,0.63,12.972,19.478,TRUE
137_11,-6.081,845,43,909.498,1045.189,222,1.153,0.396,13.264,19.345,TRUE
137_12,-6.539,921,66,899.212,962.798,218,1.153,0.425,13.211,19.75,TRUE
137_13,-6.467,1079,73,814.559,970.706,211,1.153,0.61,12.916,19.383,TRUE
137_2,-6.241,932,38,1196.843,1055.761,228,1.153,0.468,13.129,19.37,TRUE
137_3,-6.709,1341,97,1147.174,1439.366,209,1.152,0.898,12.692,19.401,TRUE
137_4,-6.247,934,41,1146.96,1381.518,219,1.152,0.483,13.173,19.42,TRUE
137_5,-6.961,1324,23,1126.502,1202.132,243,1.152,0.494,13.152,20.113,TRUE
137_6,-6.194,1003,25,1076.752,1261.134,224,1.152,0.454,13.221,19.415,TRUE
137_7,-6.699,986,21,1067.08,1242.016,231,1.152,0.41,13.174,19.873,TRUE
137_8,-6.33,858,31,978.912,1179.702,231,1.152,0.573,12.989,19.319,TRUE
137_9,-6.196,878,48,933.422,1002.775,220,1.153,0.442,13.232,19.428,TRUE
138,-6.21,816,44,1273.38,1129.638,216,1.153,0.532,13.197,19.407,TRUE
138_1,-6.143,800,42,1211.3,1298.906,214,1.152,0.432,13.333,19.476,TRUE
138_10,-5.959,867,42,815.831,1025.919,218,1.153,0.421,13.318,19.277,TRUE
138_2,-6.057,820,25,1177.811,1102.673,222,1.153,0.397,13.326,19.383,TRUE
138_3,-6.146,938,52,1168.636,1356.335,216,1.152,0.493,13.302,19.448,TRUE
138_4,-6.029,791,28,1143.215,1012.953,222,1.153,0.414,13.362,19.391,TRUE
138_5,-6.122,781,51,1139.876,986.217,220,1.153,0.382,13.308,19.43,TRUE
138_6,-6.301,852,42,1126.89,1069.147,221,1.153,0.483,13.216,19.517,TRUE
138_7,-6.097,867,22,984.392,1303.874,225,1.152,0.428,13.317,19.414,TRUE
138_8,-6.984,1655,55,978.633,1296.815,225,1.152,1.313,12.454,19.438,TRUE
138_9,-6.259,850,58,860.54,1219.676,212,1.152,0.578,13.135,19.394,TRUE
139,-6.83,1624,89,1315.292,1002.374,224,1.153,1.429,12.476,19.306,TRUE
139_1,-7.287,2153,136,1280.241,1326.168,214,1.152,1.858,12.044,19.331,TRUE
139_2,-5.992,760,39,1210.771,1143.836,223,1.153,0.419,13.501,19.493,TRUE
139_3,-5.943,778,32,1176.415,1306.929,219,1.152,0.445,13.439,19.382,TRUE
139_4,-6.385,864,36,1136.479,1247.637,221,1.152,0.464,13.311,19.696,TRUE
139_5,-6.405,1175,60,1025.897,1376.658,219,1.152,0.484,13.322,19.727,TRUE
139_6,-6.118,807,44,898.556,1189.349,216,1.152,0.493,13.303,19.421,TRUE
139_7,-5.953,776,39,872.182,1038.226,224,1.153,0.427,13.406,19.359,TRUE
140,-6.247,970,51,1313.602,1341.639,215,1.152,0.704,13.13,19.377,TRUE
140_1,-5.952,735,37,1267.616,1143.16,216,1.153,0.463,13.54,19.492,TRUE
140_10,-6.756,1146,69,911.473,1415.303,217,1.151,0.643,12.642,19.398,TRUE
140_11,-6.951,1722,87,905.406,1008.752,220,1.153,1.59,12.319,19.27,TRUE
140_12,-5.705,714,29,903.59,1216.496,220,1.152,0.443,13.528,19.233,TRUE
140_13,-6.106,868,44,878.61,1240.828,214,1.152,0.564,13.282,19.388,TRUE
140_14,-5.816,790,46,875.512,1311.955,219,1.152,0.466,13.453,19.269,TRUE
140_15,-6.756,1512,93,805.403,1414.392,210,1.151,1.471,12.533,19.289,TRUE
140_2,-6.037,753,52,1208.915,1340.617,214,1.152,0.431,13.478,19.515,TRUE
140_3,-6.114,819,27,1155.202,1233.457,220,1.152,0.497,13.411,19.525,TRUE
140_4,-6.207,821,24,1132.16,1266.727,223,1.152,0.45,13.508,19.715,TRUE
140_5,-6.551,1113,58,1003.462,1317.942,224,1.152,0.936,12.883,19.434,TRUE
140_6,-5.922,816,38,1002.635,1047.994,218,1.153,0.52,13.392,19.314,TRUE
140_7,-6.269,885,34,1001.551,1081.858,223,1.153,0.438,13.474,19.743,TRUE
140_8,-5.842,665,41,965.198,1388.931,217,1.151,0.401,13.602,19.444,TRUE
140_9,-8.797,7652,317,945.894,1155.772,230,1.152,0.651,13.211,22.008,TRUE
141,-5.687,694,43,1305.985,1273.116,215,1.152,0.479,13.629,19.316,TRUE
141_1,-5.721,709,33,1258.356,1078.823,221,1.153,0.414,13.68,19.401,TRUE
141_10,-5.836,663,31,951.347,1173.394,224,1.152,0.453,13.621,19.457,TRUE
141_11,-6.217,883,59,846.132,1234.253,213,1.152,0.755,13.155,19.372,TRUE
141_2,-6.012,668,33,1227.41,1163.729,225,1.153,0.455,13.557,19.569,TRUE
141_3,-6.432,1956,40,1178.572,1183.991,239,1.153,0.404,13.556,19.988,TRUE
141_4,-6.984,1918,93,1162.744,1361.961,223,1.152,1.597,12.307,19.291,TRUE
141_5,-5.704,697,25,1152.396,1295.364,225,1.152,0.428,13.652,19.356,TRUE
141_6,-6.2,816,48,1151.503,1317.163,220,1.152,0.752,13.215,19.415,TRUE
141_7,-6.163,714,20,1063.776,1037.881,221,1.153,0.46,13.62,19.783,TRUE
141_8,-6.046,761,41,1026.662,1283.987,222,1.152,0.5,13.53,19.576,TRUE
141_9,-6.433,959,44,984.352,1139.495,222,1.152,0.889,13.024,19.457,TRUE
142,-6.757,1503,71,1296.714,968.106,221,1.154,1.617,12.608,19.365,TRUE
142_1,-6.352,961,63,1259.122,969.791,213,1.153,0.936,13.119,19.471,TRUE
142_10,-5.621,657,31,894.429,1217.095,215,1.152,0.488,13.686,19.307,TRUE
142_11,-5.76,745,34,885.458,1427.367,212,1.151,0.516,13.658,19.418,TRUE
142_12,-6.157,908,41,858.426,1026.728,219,1.153,0.963,13.126,19.283,TRUE
142_13,-7.162,2120,116,851.67,969.793,215,1.153,1.99,12.108,19.27,TRUE
142_14,-6.153,926,51,834.471,1084.583,214,1.152,1.046,13.159,19.312,TRUE
142_2,-5.781,722,23,1147.555,1255.041,225,1.152,0.52,13.558,19.339,TRUE
142_3,-5.803,677,43,1145.354,1413.675,215,1.152,0.506,13.614,19.417,TRUE
142_4,-5.747,656,26,1139.072,992.746,220,1.153,0.452,13.668,19.415,TRUE
142_5,-5.729,696,36,1131.348,1357.608,221,1.152,0.478,13.652,19.381,TRUE
142_6,-5.945,761,20,1125.349,1182.304,229,1.152,0.524,13.585,19.53,TRUE
142_7,-5.617,714,28,1122.66,1356.754,219,1.152,0.455,13.708,19.325,TRUE
142_8,-6.111,760,34,1075.339,1250.797,227,1.152,0.561,13.43,19.541,TRUE
142_9,-5.88,757,30,1060.639,1270.75,227,1.152,0.649,13.424,19.304,TRUE
143,-6.618,1046,73,1320.083,1396.541,213,1.152,1.309,12.864,19.482,TRUE
143_1,-5.779,627,33,1260.452,1309.392,213,1.152,0.486,13.78,19.559,TRUE
143_10,-5.847,676,26,1114.798,1292.573,218,1.152,0.52,13.712,19.559,TRUE
143_11,-5.822,690,26,1007.194,1328.93,215,1.152,0.522,13.713,19.535,TRUE
143_12,-6.057,786,42,1006.365,1034.614,218,1.153,0.783,13.246,19.303,TRUE
143_13,-5.979,671,36,962.782,1255.825,220,1.152,0.459,13.774,19.753,TRUE
143_14,-5.718,678,35,951.388,1370.718,221,1.151,0.592,13.631,19.349,TRUE
143_15,-5.829,688,49,870.825,1285.695,211,1.152,0.571,13.643,19.472,TRUE
143_16,-5.688,671,34,864.647,1428.951,214,1.151,0.494,13.735,19.423,TRUE
143_17,-5.64,680,35,848.514,1192.152,213,1.152,0.495,13.725,19.365,TRUE
143_18,-6.27,905,63,833.637,1435.209,213,1.151,0.917,13.23,19.5,TRUE
143_2,-5.642,645,33,1236.671,1257.343,222,1.152,0.484,13.789,19.431,TRUE
143_3,-5.571,652,24,1232.517,1208.371,223,1.153,0.517,13.793,19.364,TRUE
143_4,-7.173,2150,108,1221.483,1439.096,211,1.152,1.972,12.144,19.317,TRUE
143_5,-5.872,710,22,1212.652,1162.17,222,1.153,0.497,13.651,19.523,TRUE
143_6,-6.066,753,33,1185.444,1031.955,215,1.153,0.732,13.479,19.545,TRUE
143_7,-6.635,1302,33,1131.679,1194.102,223,1.152,1.449,12.823,19.458,TRUE
143_8,-6.717,1327,67,1129.797,962.979,218,1.153,1.552,12.74,19.457,TRUE
143_9,-5.771,640,30,1120.939,1060.727,219,1.153,0.463,13.773,19.544,TRUE
144,-5.882,644,42,1327.617,1351.176,218,1.152,0.616,13.687,19.569,TRUE
144_1,-6.797,1349,96,1308.194,1131.797,214,1.153,1.7,12.57,19.367,TRUE
144_2,-6.612,1417,77,1265.381,1182.152,219,1.153,1.671,12.725,19.337,TRUE
144_3,-5.76,660,26,1200.219,1079.742,219,1.153,0.592,13.698,19.458,TRUE
144_4,-5.901,629,32,1117.279,1071.624,221,1.153,0.534,13.824,19.725,TRUE
144_5,-5.951,633,32,955.773,1233.836,219,1.152,0.53,13.574,19.525,TRUE
144_6,-6.037,912,29,927.998,1165.859,218,1.152,0.968,13.279,19.316,TRUE
144_7,-6.677,1416,62,857.605,1144.855,215,1.152,1.671,12.6,19.277,TRUE
144_8,-5.604,559,36,852.268,1276.901,213,1.152,0.489,13.811,19.415,TRUE
144_9,-6.292,755,55,833.262,1261.233,213,1.152,0.876,13.325,19.617,TRUE
145,-5.796,680,41,1326.2,1422.691,215,1.152,0.689,13.671,19.467,TRUE
145_1,-5.842,603,35,1270.82,1303.893,215,1.152,0.497,13.934,19.776,TRUE
145_10,-6.144,617,37,1076.206,1026.03,223,1.153,0.649,13.762,19.906,TRUE
145_11,-5.525,623,22,1068.384,1278.42,222,1.152,0.55,13.877,19.402,TRUE
145_12,-5.701,611,34,974.738,1350.068,214,1.152,0.592,13.7,19.401,TRUE
145_13,-5.325,613,25,929.66,1186.908,223,1.152,0.495,13.96,19.285,TRUE
145_14,-6.501,1155,66,927.919,952.617,217,1.153,1.654,12.869,19.37,TRUE
145_15,-5.615,632,30,923.245,1059.384,221,1.153,0.596,13.841,19.456,TRUE
145_16,-6.006,728,49,899.136,1231.655,215,1.152,0.842,13.508,19.514,TRUE
145_17,-5.521,540,29,814.529,1327.755,211,1.151,0.483,13.967,19.488,TRUE
145_18,-5.544,598,34,813.412,1149.272,213,1.152,0.527,13.879,19.423,TRUE
145_2,-5.458,603,35,1242.895,1397.077,213,1.152,0.483,13.912,19.37,TRUE
145_3,-6.231,853,60,1244.519,1078.343,219,1.153,0.698,13.199,19.43,TRUE
145_4,-5.896,951,44,1225.529,1021.869,222,1.153,0.522,13.99,19.886,TRUE
145_5,-6.675,1125,54,1190.381,1209.599,228,1.152,1.574,12.965,19.64,TRUE
145_6,-5.433,589,21,1143.296,1357.494,217,1.152,0.506,14.004,19.437,TRUE
145_7,-6.464,864,24,1132.603,1246.205,213,1.152,0.591,13.909,20.373,TRUE
145_8,-7.356,2240,118,1082.87,1339.269,220,1.152,2.067,12.027,19.383,TRUE
145_9,-5.916,632,24,1076.349,1425.057,212,1.151,0.618,13.736,19.652,TRUE
146,-6.041,1215,53,1312.861,1127.494,215,1.153,0.525,13.952,19.993,TRUE
146_1,-6.215,846,62,1300.654,1457.555,216,1.152,0.93,13.135,19.35,TRUE
146_10,-5.982,690,44,935.075,996.429,219,1.153,0.973,13.469,19.451,TRUE
146_11,-5.572,589,29,925.937,1140.1,221,1.152,0.527,13.978,19.55,TRUE
146_12,-6.01,697,44,854.207,1381.128,215,1.151,0.908,13.424,19.434,TRUE
146_2,-6.295,897,59,1224.146,1290.52,217,1.152,0.76,13.314,19.609,TRUE
146_3,-6.822,1373,83,1217.858,1291.707,217,1.152,0.531,13.998,20.82,TRUE
146_4,-5.728,547,36,1218.205,1081.299,218,1.153,0.652,13.667,19.395,TRUE
146_5,-5.545,580,29,1071.194,1308.807,217,1.152,0.542,13.956,19.501,TRUE
146_6,-5.53,571,26,1061.997,1433.359,213,1.151,0.597,13.976,19.506,TRUE
146_7,-6.423,942,27,1006.909,1129.917,216,1.152,0.632,13.692,20.115,TRUE
146_8,-5.578,592,26,960.673,1260.1,223,1.152,0.549,14.004,19.582,TRUE
146_9,-5.768,721,39,958.174,1454.635,217,1.151,0.923,13.508,19.276,TRUE
147,-5.406,559,24,1157.461,1038.609,220,1.153,0.651,13.861,19.267,TRUE
147_1,-5.601,584,35,1002.623,1405.999,222,1.151,0.717,13.936,19.537,TRUE
147_2,-7.236,2332,105,906.307,1168.271,217,1.152,1.968,12.046,19.282,TRUE
147_3,-5.578,654,34,902.224,1047.084,220,1.153,0.868,13.781,19.359,TRUE
147_4,-6.036,796,50,811.202,1180.608,213,1.152,1.339,13.236,19.272,TRUE
147_5,-5.796,672,43,804.962,1040.441,216,1.152,0.967,13.549,19.345,TRUE
148,-5.111,491,24,1327.264,1441.933,214,1.152,0.588,14.131,19.242,TRUE
148_1,-6.013,643,41,1229.219,1173.379,225,1.153,0.705,14.075,20.088,TRUE
148_2,-5.628,508,24,1201.824,1212.314,221,1.152,0.632,14.098,19.726,TRUE
148_3,-6.874,1567,55,1171.893,1231.437,226,1.152,0.538,14.289,21.163,TRUE
148_4,-6.963,1205,62,1070.591,1395.299,217,1.152,0.678,14.084,21.047,TRUE
148_5,-5.446,547,28,994.989,1050.259,221,1.153,0.725,13.998,19.444,TRUE
148_6,-5.498,530,29,957.463,1312.103,218,1.152,0.57,14.163,19.661,TRUE
148_7,-6.559,3083,50,936.912,1286.47,225,1.152,0.611,14.105,20.664,TRUE
149,-7.241,2150,131,1139.68,1406.653,215,1.152,0.774,14.086,21.327,TRUE
149_1,-5.958,558,28,1113.955,1058.25,218,1.153,0.948,13.863,19.821,TRUE
149_2,-6.094,839,36,969.22,1117.692,221,1.152,1.663,13.246,19.34,TRUE
149_3,-5.566,638,28,870.811,1271.405,212,1.152,0.897,13.839,19.405,TRUE
150,-6.002,855,44,1326.089,1326.073,217,1.152,1.701,13.334,19.336,TRUE
150_1,-5.483,473,34,1320.402,1304.229,211,1.152,0.607,14.305,19.788,TRUE
150_2,-5.394,578,24,1177.298,1387.028,215,1.152,0.86,13.994,19.388,TRUE
150_3,-6.201,786,56,938.106,1310.542,215,1.152,1.567,13.353,19.554,TRUE
151,-5.964,611,33,918.663,1419.589,211,1.151,1.292,13.624,19.588,TRUE
151_1,-5.419,493,29,829.788,1324.485,211,1.151,0.811,14.138,19.557,TRUE
152,-5.439,488,27,1246.292,1107.6,220,1.153,0.749,14.375,19.814,TRUE
152_1,-5.865,720,38,1218.85,1121.814,220,1.153,1.542,13.544,19.409,TRUE
152_2,-5.431,501,24,1151.682,1339.413,218,1.152,0.911,14.029,19.46,TRUE
152_3,-6.328,786,63,937.356,1309.535,217,1.152,0.672,14.414,20.742,TRUE
152_4,-5.202,533,25,819.733,1252.626,211,1.152,0.954,14.156,19.358,TRUE
153,-5.443,471,35,1308.459,1431.034,212,1.152,0.97,14.202,19.645,TRUE
153_1,-5.074,456,27,1020.719,1392.005,214,1.152,0.877,14.33,19.404,TRUE
154,-5.256,466,22,975.621,1384.084,215,1.151,0.841,14.452,19.708,TRUE
156,-7.948,4184,196,1312.635,1094.389,219,1.153,1.283,14.228,22.176,TRUE