Star,IM,Max,SNR,X,Y,Sky,Air,B-V,V-mag,estimate,active
105,-10.171,27036,285,1078.23,1233.389,381,1.148,0.25,10.513,20.684,TRUE
108,-9.703,17891,509,996.259,1327.924,395,1.147,0.626,10.863,20.566,TRUE
110,-9.436,15723,395,1175.755,1280.627,394,1.148,1.962,11.083,20.519,TRUE
110_1,-9.711,17058,172,1089.907,1225.314,384,1.148,0.348,11.072,20.783,TRUE
111,-9.449,13606,164,1013.427,1186.007,423,1.148,0.384,11.186,20.635,TRUE
112,-9.265,12743,222,1055.434,1094.264,415,1.148,0.376,11.292,20.557,TRUE
112_1,-9.324,12899,95,1040.94,1230.189,442,1.148,0.335,11.264,20.588,TRUE
113,-9.24,11932,310,1183.488,1263.868,382,1.148,0.319,11.344,20.584,TRUE
113_1,-9.39,14094,123,1035.617,1182.36,426,1.148,0.95,11.319,20.709,TRUE
113_2,-9.282,11137,413,947.126,1155.988,400,1.148,0.595,11.323,20.605,TRUE
114,-9.135,10727,373,1193.452,1201.253,404,1.148,0.363,11.446,20.581,TRUE
114_1,-9.127,11211,344,1172.518,1267.299,402,1.148,1.61,11.415,20.542,TRUE
114_2,-9.2,11829,162,1125.944,1227.561,437,1.148,0.412,11.42,20.62,TRUE
114_3,-9.215,12834,150,1126.644,1137.405,403,1.148,0.331,11.403,20.618,TRUE
114_4,-9.109,12627,167,1113.811,1111.351,432,1.148,1.198,11.455,20.564,TRUE
114_5,-9.312,10968,131,1100.834,1229.787,404,1.148,1.561,11.425,20.737,TRUE
114_6,-9.423,11004,424,1099.506,1073.783,400,1.148,0.314,11.414,20.837,TRUE
114_7,-9.16,12172,147,1048.015,1110.964,425,1.148,0.332,11.458,20.618,TRUE
114_8,-9.193,11857,403,1036.426,1363.939,391,1.147,0.314,11.413,20.606,TRUE
114_9,-9.071,10617,293,994.426,1093.124,405,1.148,1.704,11.473,20.544,TRUE
115,-9.026,9265,109,1121.288,1207.87,412,1.148,1.702,11.587,20.613,TRUE
115_1,-9.073,10179,132,1120.201,1246.745,414,1.148,0.416,11.519,20.592,TRUE
115_2,-9.042,9328,167,1074.082,1119.882,410,1.148,0.433,11.565,20.607,TRUE
115_3,-9.181,9343,166,1031.165,1224.679,450,1.148,0.309,11.562,20.743,TRUE
115_4,-9.009,10506,377,813.629,1107.461,385,1.148,1.661,11.561,20.57,TRUE
116,-8.933,9548,358,1293.25,977.524,391,1.149,1.484,11.627,20.56,TRUE
116_1,-8.878,9208,314,1189.708,998.629,385,1.149,0.375,11.698,20.576,TRUE
116_2,-8.981,8770,133,1043.6,1129.117,387,1.148,0.361,11.66,20.641,TRUE
116_3,-9.127,9854,202,1026.086,1246.414,401,1.148,1.696,11.668,20.795,TRUE
116_4,-9.023,9579,320,1015.249,1125.844,406,1.148,0.388,11.63,20.653,TRUE
116_5,-8.936,9089,350,932.057,978.636,392,1.148,0.419,11.63,20.566,TRUE
117,-8.903,9154,340,1210.931,1238.194,394,1.148,0.4,11.796,20.699,TRUE
117_1,-9.03,7204,323,1183.827,1176.114,404,1.148,1.451,11.728,20.758,TRUE
117_2,-8.836,8178,321,1143.094,1055.981,394,1.148,0.304,11.754,20.59,TRUE
117_3,-8.895,8354,65,1056.502,1192.208,463,1.148,0.389,11.717,20.612,TRUE
117_4,-8.903,8646,97,1055.229,1231.761,422,1.148,0.39,11.732,20.635,TRUE
117_5,-8.828,8625,304,1047.939,1007.653,387,1.148,1.497,11.713,20.541,TRUE
117_6,-8.814,8929,339,1017.744,1420.255,384,1.147,0.46,11.775,20.589,TRUE
117_7,-8.749,7340,300,940.067,1265.762,393,1.147,1.508,11.789,20.538,TRUE
118,-8.774,7904,289,1190.514,1110.587,394,1.148,0.312,11.814,20.588,TRUE
118_1,-9.022,8071,310,1179.702,1152.67,403,1.148,0.284,11.802,20.824,TRUE
118_10,-8.669,7702,307,855.554,1440.847,382,1.147,1.702,11.896,20.565,TRUE
118_2,-8.756,7741,310,1153.423,1056.763,393,1.148,1.207,11.82,20.576,TRUE
118_3,-9.096,7544,202,1145.224,1137.229,399,1.148,0.322,11.83,20.926,TRUE
118_4,-8.708,8103,265,1131.803,1007.545,389,1.149,1.393,11.856,20.564,TRUE
118_5,-8.893,7614,71,1082.469,1170.896,404,1.148,1.414,11.882,20.775,TRUE
118_6,-8.662,7267,285,1076.297,1381.555,390,1.147,1.561,11.868,20.53,TRUE
118_7,-8.796,8766,72,1058.859,1207.888,471,1.148,0.355,11.816,20.612,TRUE
118_8,-8.827,6943,126,1015.263,1143.256,393,1.148,0.404,11.851,20.678,TRUE
118_9,-8.837,7759,228,999.935,1241.267,399,1.148,0.369,11.826,20.663,TRUE
119,-8.616,7259,286,1229.654,1139.685,392,1.148,0.339,11.955,20.571,TRUE
119_1,-8.726,7371,140,1122.399,1190.896,398,1.148,0.391,11.915,20.641,TRUE
119_2,-9.084,11829,146,1121.446,1224.134,436,1.148,1.322,11.977,21.061,TRUE
119_3,-8.645,6281,77,1116.375,1230.564,445,1.148,0.367,11.99,20.635,TRUE
119_4,-8.917,7168,88,1076.092,1177.379,427,1.148,0.345,11.973,20.89,TRUE
119_5,-8.821,7345,108,1057.513,1132.017,413,1.148,0.36,11.926,20.747,TRUE
119_6,-8.604,6826,237,971.207,1288.459,395,1.147,0.337,11.948,20.552,TRUE
119_7,-8.649,7104,255,954.238,1203.518,398,1.148,1.473,11.92,20.569,TRUE
119_8,-8.568,6458,269,944.244,1282.444,395,1.147,1.54,11.958,20.526,TRUE
119_9,-8.648,7870,305,903.548,1020.433,391,1.148,0.436,11.937,20.585,TRUE
120,-8.737,6543,79,1103.937,1235.032,421,1.148,0.454,12.014,20.751,TRUE
120_1,-8.576,6960,47,1080.789,1187.169,379,1.148,0.415,12.072,20.648,TRUE
120_2,-8.679,6486,261,958.455,1193.479,394,1.148,0.416,12.021,20.7,TRUE
120_3,-8.582,6881,275,945.971,1236.616,395,1.147,0.329,12.003,20.585,TRUE
120_4,-8.521,6617,233,942.901,1116.878,394,1.148,0.394,12.049,20.57,TRUE
120_5,-8.549,7203,294,851.729,1411.997,382,1.147,0.264,12.052,20.601,TRUE
121,-8.532,5940,65,1081.823,1206.334,419,1.148,0.382,12.166,20.698,TRUE
121_1,-8.386,5999,142,1077.642,1037.314,389,1.148,0.35,12.198,20.584,TRUE
121_2,-8.438,6402,109,1067.64,1096.113,422,1.148,0.371,12.137,20.575,TRUE
121_3,-8.543,5840,229,907.33,1377.806,393,1.147,0.94,12.114,20.657,TRUE
122,-8.838,11004,278,1104.232,1073.339,398,1.148,0.35,12.231,21.069,TRUE
122_1,-8.591,4880,32,1070.683,1171.856,372,1.148,0.365,12.286,20.877,TRUE
122_2,-8.332,6266,171,947.814,1100.045,399,1.148,0.446,12.269,20.601,TRUE
122_3,-8.306,6138,253,827.646,1061.488,390,1.148,0.434,12.252,20.558,TRUE
123,-8.195,4979,234,1319.816,1058.813,389,1.149,0.328,12.369,20.564,TRUE
123_1,-8.431,5254,267,1282.717,1051.906,391,1.149,0.312,12.373,20.804,TRUE
123_2,-8.198,5236,223,1277.713,1365.275,387,1.147,0.364,12.391,20.589,TRUE
123_3,-8.261,5424,120,1147.904,1151.706,398,1.148,0.377,12.336,20.597,TRUE
123_4,-8.335,4345,74,1112.367,1202.73,419,1.148,0.432,12.351,20.686,TRUE
123_5,-8.196,4752,231,1091.451,991.814,391,1.149,0.407,12.382,20.578,TRUE
123_6,-8.31,5601,122,1085.759,1042.67,399,1.148,0.369,12.301,20.611,TRUE
123_7,-8.269,4436,212,880.552,1130.841,393,1.148,0.456,12.314,20.583,TRUE
124,-8.38,4396,25,1077.38,1163.435,326,1.148,0.336,12.493,20.873,TRUE
124_1,-8.053,4666,25,1065.54,1193.645,456,1.148,0.445,12.494,20.547,TRUE
124_2,-8.168,4570,223,1034.005,948.79,391,1.149,0.334,12.407,20.575,TRUE
125,-8.057,4640,209,1211.93,1256.123,395,1.148,0.393,12.51,20.567,TRUE
125_1,-7.988,4436,156,1159.909,1178.499,403,1.148,0.34,12.594,20.582,TRUE
125_2,-8.381,4236,29,1065.007,1176.549,401,1.148,0.458,12.545,20.926,TRUE
125_3,-8.097,4493,68,1014.901,1211.889,414,1.148,0.324,12.534,20.631,TRUE
125_4,-8.015,4859,196,982.697,948.206,391,1.149,0.404,12.596,20.611,TRUE
125_5,-8.055,5008,205,909.697,982.23,393,1.148,0.34,12.55,20.605,TRUE
125_6,-8.013,4148,212,809.25,1014.799,388,1.148,0.502,12.552,20.565,TRUE
126,-7.936,4278,198,1269.608,1352.312,386,1.148,0.388,12.641,20.577,TRUE
126_1,-8.024,4208,136,1173.912,1224.015,399,1.148,0.408,12.6,20.624,TRUE
126_10,-7.974,4009,195,944.994,952.828,395,1.148,0.352,12.602,20.576,TRUE
126_2,-7.916,3969,201,1140.441,1406.757,385,1.147,0.422,12.663,20.579,TRUE
126_3,-7.942,4018,110,1137.732,1184.603,394,1.148,0.395,12.663,20.605,TRUE
126_4,-8.063,3670,77,1129.984,1145.415,412,1.148,0.402,12.683,20.746,TRUE
126_5,-8.057,4361,99,1122.134,1147.917,415,1.148,0.395,12.606,20.663,TRUE
126_6,-8.017,4075,21,1111.888,1217.207,393,1.148,0.418,12.621,20.638,TRUE
126_7,-8.3,4730,149,1095.576,1106.3,409,1.148,0.345,12.604,20.904,TRUE
126_8,-8.46,4006,130,1091.414,1129.07,401,1.148,0.351,12.602,21.062,TRUE
126_9,-7.97,3915,52,1070.431,1106.993,394,1.148,0.418,12.67,20.64,TRUE
127,-8.413,3502,245,1237.234,1196.962,391,1.148,0.395,12.717,21.13,TRUE
127_1,-7.875,3951,143,1185.798,1143.375,395,1.148,0.305,12.719,20.594,TRUE
127_2,-7.99,3428,116,1119.914,1275.036,391,1.148,0.509,12.747,20.737,TRUE
127_3,-7.804,3469,65,1003.483,1111.774,404,1.148,0.412,12.795,20.599,TRUE
127_4,-7.969,3988,197,936.609,1025.269,390,1.148,0.373,12.797,20.766,TRUE
127_5,-7.93,3664,209,858.309,988.621,387,1.148,0.363,12.714,20.644,TRUE
128,-8.088,3473,196,1241.009,1198.729,392,1.148,0.398,12.81,20.898,TRUE
128_1,-7.902,3567,146,1200.47,1169.289,404,1.148,0.297,12.861,20.763,TRUE
128_10,-7.71,3359,22,1054.463,1166.817,432,1.148,0.417,12.858,20.568,TRUE
128_11,-7.732,3398,163,1017.44,1300.062,389,1.147,0.379,12.847,20.579,TRUE
128_12,-7.913,3705,87,1017.482,1106.027,399,1.148,0.443,12.882,20.795,TRUE
128_13,-7.986,3075,99,1016.903,1150.217,414,1.148,0.383,12.898,20.884,TRUE
128_14,-7.74,3167,109,983.42,1318.767,388,1.147,0.377,12.853,20.593,TRUE
128_15,-7.684,3322,169,957.849,1019.631,388,1.148,0.399,12.883,20.567,TRUE
128_16,-8.205,3170,204,939.471,1079.921,395,1.148,0.886,12.877,21.082,TRUE
128_2,-7.826,3214,132,1166.663,1204.603,404,1.148,0.362,12.856,20.682,TRUE
128_3,-7.813,2649,118,1130.53,1272.753,385,1.148,0.416,12.837,20.65,TRUE
128_4,-7.85,3366,170,1128.411,951.581,388,1.149,0.374,12.854,20.704,TRUE
128_5,-7.833,3625,55,1098.795,1200.831,403,1.148,0.406,12.815,20.648,TRUE
128_6,-7.831,3502,184,1090.39,1322.151,390,1.147,0.338,12.884,20.715,TRUE
128_7,-7.966,3503,101,1078.089,1049.395,392,1.148,0.304,12.807,20.773,TRUE
128_8,-7.798,3251,28,1071.404,1146.008,372,1.148,0.385,12.888,20.686,TRUE
128_9,-7.943,3104,30,1059.298,1114.964,403,1.148,0.387,12.813,20.756,TRUE
129,-7.663,2930,173,1283.198,1264.712,384,1.148,0.385,12.91,20.573,TRUE
129_1,-7.649,3191,163,1136.909,1332.148,393,1.147,0.391,12.945,20.594,TRUE
129_10,-7.735,3221,97,983.752,1291.005,386,1.147,0.408,12.937,20.672,TRUE
129_11,-7.719,3337,135,970.48,1166.096,392,1.148,0.4,12.903,20.622,TRUE
129_12,-7.711,2909,140,968.279,1311.657,391,1.147,0.387,12.919,20.63,TRUE
129_13,-7.693,2681,94,964.475,1236.73,384,1.147,0.413,12.946,20.639,TRUE
129_14,-7.599,2880,148,892.153,1414.42,385,1.147,0.361,12.967,20.566,TRUE
129_15,-7.645,2907,161,818.116,1075.901,388,1.148,1.429,12.999,20.644,TRUE
129_2,-7.698,2799,43,1132.185,1113.249,418,1.148,0.417,12.949,20.647,TRUE
129_3,-7.64,2981,176,1127.215,1452.952,379,1.147,0.7,12.946,20.586,TRUE
129_4,-7.613,3169,74,1082.477,1090.34,400,1.148,0.408,12.971,20.584,TRUE
129_5,-7.651,2985,110,1054.266,1044.704,393,1.148,0.435,12.957,20.608,TRUE
129_6,-7.628,3085,161,1049.433,1347.368,387,1.147,0.469,12.944,20.572,TRUE
129_7,-7.626,2893,58,1043.316,1249.917,388,1.148,0.367,12.98,20.606,TRUE
129_8,-7.602,2800,43,1041.056,1095.694,419,1.148,0.45,12.995,20.597,TRUE
129_9,-7.721,2973,41,997.521,1183.939,413,1.148,0.323,12.938,20.659,TRUE
130,-7.498,3094,139,1225.818,1070.313,393,1.148,0.306,13.097,20.595,TRUE
130_1,-8.083,3428,126,1118.379,1270.319,400,1.148,0.428,13.096,21.179,TRUE
130_2,-8.582,4396,29,1074.722,1161.069,347,1.148,0.404,13.024,21.606,TRUE
130_3,-7.582,2680,94,1020.534,1095.804,406,1.148,0.467,13.033,20.615,TRUE
130_4,-7.65,2871,58,992.086,1190.705,386,1.148,0.388,13.034,20.684,TRUE
130_5,-7.51,3045,158,960.877,1339.174,390,1.147,0.42,13.079,20.589,TRUE
130_6,-7.505,2861,129,910.241,1084.91,391,1.148,0.387,13.07,20.575,TRUE
130_7,-7.463,2770,116,899.344,1076.14,394,1.148,1.545,13.063,20.526,TRUE
130_8,-7.536,3206,148,836.699,1016.175,389,1.148,0.399,13.068,20.604,TRUE
130_9,-7.52,3046,156,810.518,1131.322,387,1.148,1.722,13.002,20.522,TRUE
131,-7.448,2514,149,1262.933,1170.721,386,1.148,0.439,13.163,20.611,TRUE
131_1,-7.405,2595,144,1189.407,1340.915,387,1.147,0.379,13.155,20.56,TRUE
131_2,-7.538,2608,94,1173.56,1231.843,392,1.148,0.391,13.14,20.678,TRUE
131_3,-7.72,3627,75,1098.586,1109.956,405,1.148,0.38,13.154,20.874,TRUE
131_4,-7.609,2530,88,996.71,1116.771,400,1.148,0.403,13.19,20.799,TRUE
131_5,-7.493,2595,102,972.295,1077.782,398,1.148,0.479,13.17,20.663,TRUE
131_6,-7.504,2552,70,960.329,1085.469,392,1.148,0.489,13.138,20.642,TRUE
131_7,-7.48,2594,64,956.06,1099.55,390,1.148,0.402,13.17,20.65,TRUE
132,-7.376,2653,129,1219.009,1292.143,389,1.148,0.498,13.294,20.67,TRUE
132_1,-7.759,3704,158,1216.229,1234.446,393,1.148,0.411,13.216,20.975,TRUE
132_10,-7.307,2513,139,970.599,1414.248,385,1.147,0.374,13.258,20.565,TRUE
132_11,-7.937,2970,166,943.79,1080.318,397,1.148,0.439,13.265,21.202,TRUE
132_12,-7.348,2332,131,889.083,1187.713,390,1.148,0.36,13.245,20.593,TRUE
132_13,-7.346,2611,114,874.956,1121.489,390,1.148,2.129,13.218,20.564,TRUE
132_2,-7.357,2514,116,1172.919,981.507,386,1.149,1.564,13.223,20.58,TRUE
132_3,-7.301,2578,38,1093.97,1118.569,431,1.148,0.395,13.223,20.524,TRUE
132_4,-7.622,2343,89,1079.211,1063.78,393,1.148,0.396,13.295,20.917,TRUE
132_5,-8.258,9328,120,1077.27,1115.304,432,1.148,0.376,13.281,21.539,TRUE
132_6,-7.755,2683,139,1064.865,1073.918,405,1.148,0.406,13.2,20.955,TRUE
132_7,-7.383,2428,109,1037.47,1272.931,392,1.147,0.422,13.264,20.647,TRUE
132_8,-7.343,2712,55,994.858,1227.134,399,1.148,0.34,13.255,20.598,TRUE
132_9,-7.475,2574,57,993.146,1154.275,398,1.148,0.427,13.259,20.734,TRUE
133,-7.296,2403,56,1161.188,1214.295,397,1.148,0.364,13.316,20.612,TRUE
133_1,-7.249,2281,71,1118.714,1169.845,396,1.148,0.444,13.372,20.621,TRUE
133_2,-7.386,2176,125,1091.217,1418.582,386,1.147,0.516,13.329,20.715,TRUE
133_3,-7.402,2029,51,1013.684,1243.218,387,1.148,0.404,13.394,20.796,TRUE
133_4,-9.102,10617,286,993.39,1092.952,404,1.148,0.754,13.395,22.497,TRUE
133_5,-7.257,2565,111,863.637,1127.347,391,1.148,0.358,13.363,20.62,TRUE
134,-7.085,1837,110,1274.138,1067.071,389,1.149,1.297,13.486,20.571,TRUE
134_1,-7.076,2026,91,1245.171,1157.842,396,1.148,1.417,13.409,20.485,TRUE
134_2,-7.082,1955,63,1162.07,1191.71,401,1.148,1.49,13.427,20.509,TRUE
134_3,-7.576,2326,47,1117.724,1258.931,406,1.148,0.416,13.4,20.976,TRUE
134_4,-7.123,2258,121,1112.867,1344.137,388,1.147,0.416,13.472,20.595,TRUE
134_5,-7.888,2326,70,1114.647,1257.879,403,1.148,0.381,13.407,21.295,TRUE
134_6,-7.158,2343,110,1075.831,1300.616,395,1.147,0.391,13.455,20.613,TRUE
134_7,-7.214,2326,126,1036.72,1318.173,385,1.147,0.395,13.429,20.643,TRUE
134_8,-7.291,2069,115,1031.203,1372.914,387,1.147,0.499,13.412,20.703,TRUE
135,-6.953,2081,77,1187.688,1073.249,393,1.148,1.718,13.564,20.517,TRUE
135_1,-7.062,2012,98,1170.95,1052.802,394,1.148,0.331,13.512,20.574,TRUE
135_2,-7.214,1931,38,1066.286,1245.759,402,1.148,0.456,13.584,20.798,TRUE
135_3,-7.201,2022,42,1029.3,1106.261,416,1.148,0.416,13.514,20.715,TRUE
135_4,-7.514,2022,66,1024.138,1105.254,403,1.148,0.398,13.573,21.087,TRUE
135_5,-7.268,1984,52,1007.803,1216.818,398,1.148,0.393,13.535,20.803,TRUE
135_6,-7.034,2097,92,987.46,1263.495,393,1.147,0.429,13.528,20.562,TRUE
135_7,-7.132,1936,66,980.332,1237.033,397,1.147,0.429,13.511,20.643,TRUE
135_8,-6.973,1791,86,882.366,1023.082,390,1.148,1.436,13.565,20.538,TRUE
136,-6.896,1826,95,1313.696,1094.247,387,1.149,2.028,13.679,20.575,TRUE
136_1,-7.034,1986,105,1254.911,1268.262,384,1.148,0.439,13.611,20.645,TRUE
136_10,-6.899,1777,64,951.019,1275.089,397,1.147,0.71,13.672,20.571,TRUE
136_11,-6.975,1779,85,875.864,1165.915,389,1.148,1.58,13.662,20.637,TRUE
136_12,-6.916,1750,92,874.954,1045.441,389,1.148,0.433,13.688,20.604,TRUE
136_13,-6.912,1799,85,844.24,1004.897,389,1.148,0.429,13.662,20.574,TRUE
136_2,-7.032,1876,31,1144.893,1109.428,391,1.148,0.392,13.682,20.714,TRUE
136_3,-6.962,1770,47,1142.626,1166.983,397,1.148,0.41,13.637,20.599,TRUE
136_4,-6.944,1774,30,1122.607,1106.033,426,1.148,0.626,13.64,20.584,TRUE
136_5,-7.082,2034,23,1118.17,1122.198,409,1.148,0.404,13.607,20.689,TRUE
136_6,-7.422,1793,30,1067.524,1153.661,412,1.148,0.52,13.601,21.023,TRUE
136_7,-7.811,4403,42,1064.573,1151.125,410,1.148,0.41,13.69,21.501,TRUE
136_8,-7.06,1771,95,1010.958,1296.147,392,1.147,0.407,13.659,20.719,TRUE
136_9,-7.181,1737,25,1004.144,1190.522,403,1.148,0.451,13.647,20.828,TRUE
137,-6.893,1667,104,1303.939,1160.081,384,1.148,1.552,13.715,20.608,TRUE
137_1,-6.854,1731,75,1212.781,1048.678,389,1.149,0.42,13.729,20.583,TRUE
137_10,-6.894,1625,99,917.254,1285.84,387,1.147,0.63,13.75,20.644,TRUE
137_11,-6.81,1610,87,910.894,1044.627,392,1.148,0.396,13.748,20.558,TRUE
137_12,-6.86,1710,85,901.283,961.892,389,1.148,0.425,13.757,20.617,TRUE
137_13,-6.901,1724,103,815.812,970.179,382,1.148,0.61,13.714,20.615,TRUE
137_2,-6.869,1518,69,1197.813,1055.342,395,1.148,0.468,13.731,20.6,TRUE
137_3,-6.784,1520,102,1148.184,1438.895,379,1.147,0.898,13.789,20.573,TRUE
137_4,-6.837,1562,82,1148.307,1380.892,385,1.147,0.483,13.787,20.624,TRUE
137_5,-7.265,1653,29,1128.19,1200.805,415,1.148,0.494,13.791,21.056,TRUE
137_6,-6.846,1783,49,1077.494,1260.846,396,1.148,0.454,13.774,20.62,TRUE
137_7,-7.296,1844,23,1068.73,1240.824,380,1.148,0.41,13.701,20.997,TRUE
137_8,-6.913,1573,40,980.091,1179.085,398,1.148,0.573,13.721,20.634,TRUE
137_9,-6.852,1865,87,934.683,1002.198,392,1.148,0.442,13.799,20.651,TRUE
138,-6.787,1428,68,1274.49,1129.249,386,1.148,0.532,13.824,20.611,TRUE
138_1,-6.781,1461,76,1212.276,1298.38,386,1.148,0.432,13.853,20.634,TRUE
138_10,-6.729,1590,76,816.889,1025.487,386,1.148,0.421,13.848,20.577,TRUE
138_2,-6.722,1624,52,1178.748,1101.966,398,1.148,0.397,13.862,20.584,TRUE
138_3,-6.721,1544,85,1169.759,1355.753,385,1.147,0.493,13.893,20.614,TRUE
138_4,-6.754,1503,59,1144.396,1012.333,390,1.149,0.414,13.884,20.638,TRUE
138_5,-6.805,1560,86,1141.277,985.173,387,1.149,0.382,13.846,20.651,TRUE
138_6,-6.83,1605,58,1127.951,1068.665,393,1.148,0.483,13.847,20.677,TRUE
138_7,-6.728,1516,41,985.391,1303.46,402,1.147,0.428,13.859,20.587,TRUE
138_8,-7.062,1773,57,980.321,1295.961,401,1.147,1.313,13.873,20.935,TRUE
138_9,-6.739,1480,87,861.39,1219.032,387,1.147,0.578,13.884,20.623,TRUE
139,-6.568,1374,77,1316.306,1001.783,392,1.149,1.429,13.977,20.545,TRUE
139_1,-6.584,1449,87,1281.281,1325.777,387,1.148,1.858,13.964,20.548,TRUE
139_2,-6.709,1482,65,1211.731,1143.425,395,1.148,0.419,13.991,20.7,TRUE
139_3,-6.593,1439,63,1177.62,1306.28,388,1.148,0.445,13.985,20.578,TRUE
139_4,-6.837,1628,41,1137.818,1247.196,387,1.148,0.464,13.913,20.75,TRUE
139_5,-6.934,1550,95,1026.643,1376.454,387,1.147,0.484,13.907,20.841,TRUE
139_6,-6.665,1455,72,899.635,1188.77,391,1.148,0.493,13.95,20.615,TRUE
139_7,-6.698,1429,73,873.398,1037.56,392,1.148,0.427,13.909,20.607,TRUE
140,-6.594,1464,71,1314.663,1341.07,381,1.148,0.704,14.013,20.607,TRUE
140_1,-6.553,1433,69,1268.293,1142.616,388,1.148,0.463,14.063,20.616,TRUE
140_10,-6.661,1263,62,913.452,1414.126,387,1.147,0.643,14.018,20.679,TRUE
140_11,-6.491,1400,64,906.582,1008.308,393,1.148,1.59,14.063,20.554,TRUE
140_12,-6.513,1438,63,904.569,1215.924,389,1.147,0.443,14.077,20.59,TRUE
140_13,-6.579,1386,70,879.576,1239.968,384,1.147,0.564,14.012,20.591,TRUE
140_14,-6.538,1363,75,876.441,1311.102,387,1.147,0.466,14.034,20.572,TRUE
140_15,-6.457,1304,76,806.417,1413.837,378,1.147,1.471,14.079,20.536,TRUE
140_2,-6.644,1469,84,1209.953,1339.767,384,1.147,0.431,14.011,20.655,TRUE
140_3,-6.593,1292,38,1156.027,1233.069,395,1.148,0.497,14.057,20.65,TRUE
140_4,-6.736,1476,32,1133.721,1265.577,389,1.148,0.45,14.029,20.765,TRUE
140_5,-6.647,1458,48,1004.705,1317.338,397,1.147,0.936,14.014,20.661,TRUE
140_6,-6.485,1483,63,1003.683,1047.419,394,1.148,0.52,14.069,20.554,TRUE
140_7,-6.774,1426,49,1002.57,1081.356,391,1.148,0.438,14.058,20.832,TRUE
140_8,-6.516,1367,70,966.406,1388.249,387,1.147,0.401,14.082,20.598,TRUE
140_9,-8.096,11137,197,947.951,1149.989,397,1.148,0.651,14.043,22.139,TRUE
141,-6.368,1150,69,1307.104,1272.806,382,1.148,0.479,14.191,20.559,TRUE
141_1,-6.44,1250,58,1259.388,1078.081,387,1.149,0.414,14.18,20.62,TRUE
141_10,-6.465,1237,50,952.13,1172.669,394,1.148,0.453,14.177,20.642,TRUE
141_11,-6.442,1250,71,847.492,1233.647,384,1.147,0.755,14.176,20.618,TRUE
141_2,-6.633,1276,54,1228.447,1163.219,393,1.148,0.455,14.103,20.736,TRUE
141_3,-6.782,1409,60,1179.676,1183.376,405,1.148,0.404,14.102,20.884,TRUE
141_4,-6.487,1409,63,1163.856,1361.578,388,1.147,1.597,14.132,20.619,TRUE
141_5,-6.451,1300,54,1153.439,1294.866,388,1.148,0.428,14.176,20.627,TRUE
141_6,-6.491,1178,65,1152.462,1316.758,389,1.147,0.752,14.116,20.607,TRUE
141_7,-6.852,1373,32,1065.36,1037.148,390,1.148,0.46,14.167,21.019,TRUE
141_8,-6.669,1326,71,1027.723,1283.587,391,1.147,0.5,14.132,20.801,TRUE
141_9,-6.61,1162,57,985.591,1138.921,394,1.148,0.889,14.101,20.711,TRUE
142,-6.299,1286,55,1297.681,967.481,393,1.149,1.617,14.292,20.591,TRUE
142_1,-6.478,1200,75,1260.452,968.975,387,1.149,0.936,14.211,20.689,TRUE
142_10,-6.478,1308,49,1076.153,1250.274,405,1.148,0.561,14.22,20.698,TRUE
142_11,-6.277,1216,45,1061.762,1270.214,399,1.147,0.649,14.251,20.528,TRUE
142_12,-6.308,1173,57,895.481,1216.606,387,1.147,0.488,14.281,20.589,TRUE
142_13,-6.335,1306,57,886.862,1426.661,383,1.147,0.516,14.262,20.597,TRUE
142_14,-6.314,1235,53,859.658,1026.19,388,1.148,0.963,14.253,20.567,TRUE
142_15,-6.31,1260,62,852.781,969.248,383,1.148,1.99,14.211,20.521,TRUE
142_16,-6.285,1228,59,835.635,1084.002,387,1.148,1.046,14.276,20.561,TRUE
142_2,-6.33,1393,42,1148.583,1254.389,398,1.148,0.52,14.228,20.558,TRUE
142_3,-6.426,1241,69,1146.504,1413.17,381,1.147,0.506,14.232,20.658,TRUE
142_4,-6.465,1316,28,1147.854,1215.225,387,1.148,0.516,14.247,20.712,TRUE
142_5,-6.46,1352,49,1139.912,992.155,388,1.149,0.452,14.237,20.697,TRUE
142_6,-6.4,1302,60,1132.507,1357.052,391,1.147,0.478,14.208,20.608,TRUE
142_7,-6.573,1315,28,1126.891,1181.598,389,1.148,0.524,14.233,20.806,TRUE
142_8,-6.364,1383,51,1123.984,1356.278,389,1.147,0.455,14.227,20.591,TRUE
142_9,-6.308,1227,25,1099.371,1277.525,396,1.148,0.525,14.295,20.603,TRUE
143,-6.364,1056,61,1321.61,1395.833,381,1.147,1.309,14.357,20.721,TRUE
143_1,-6.325,1143,57,1261.218,1308.796,385,1.148,0.486,14.354,20.679,TRUE
143_10,-6.383,1207,36,1115.902,1292.123,383,1.147,0.52,14.33,20.713,TRUE
143_11,-6.351,1120,46,1008.18,1328.21,390,1.147,0.522,14.333,20.684,TRUE
143_12,-6.105,1061,49,1007.581,1033.885,396,1.148,0.783,14.394,20.499,TRUE
143_13,-6.388,1064,26,966.616,1211.043,389,1.148,0.559,14.313,20.701,TRUE
143_14,-6.456,1157,56,964.145,1254.642,398,1.147,0.459,14.332,20.788,TRUE
143_15,-6.274,1195,57,952.523,1370.193,388,1.147,0.592,14.313,20.587,TRUE
143_16,-6.27,1233,67,871.653,1284.692,384,1.147,0.571,14.36,20.63,TRUE
143_17,-6.252,1242,58,865.631,1428.57,383,1.147,0.494,14.33,20.582,TRUE
143_18,-6.247,1233,62,849.689,1191.468,386,1.147,0.495,14.346,20.593,TRUE
143_19,-6.464,1112,72,834.72,1434.681,379,1.147,0.917,14.316,20.78,TRUE
143_2,-6.249,1201,58,1237.678,1256.434,390,1.148,0.484,14.354,20.603,TRUE
143_3,-6.229,1140,42,1233.711,1207.947,389,1.148,0.517,14.393,20.622,TRUE
143_4,-6.223,1200,55,1222.548,1438.656,378,1.147,1.972,14.321,20.544,TRUE
143_5,-6.366,1200,32,1213.968,1161.292,391,1.148,0.497,14.315,20.681,TRUE
143_6,-6.381,1131,47,1186.71,1031.096,384,1.149,0.732,14.361,20.742,TRUE
143_7,-6.409,1161,27,1132.757,1193.458,400,1.148,1.449,14.336,20.745,TRUE
143_8,-6.317,1126,50,1130.835,962.723,385,1.149,1.552,14.385,20.702,TRUE
143_9,-6.419,1164,48,1121.949,1060.243,393,1.148,0.463,14.319,20.738,TRUE
144,-6.247,1052,59,1328.453,1350.77,382,1.148,0.616,14.439,20.686,TRUE
144_1,-6.106,962,65,1309.283,1131.426,387,1.148,1.7,14.452,20.558,TRUE
144_10,-6.215,1099,62,853.241,1276.504,385,1.147,0.489,14.417,20.632,TRUE
144_11,-6.213,1025,52,834.345,1260.966,388,1.147,0.876,14.416,20.629,TRUE
144_2,-6.152,1051,54,1266.508,1181.61,385,1.148,1.671,14.461,20.613,TRUE
144_3,-6.243,1002,48,1201.211,1079.041,390,1.148,0.592,14.401,20.644,TRUE
144_4,-6.292,1179,28,1169.772,1151.527,399,1.148,0.595,14.489,20.781,TRUE
144_5,-6.45,1101,51,1118.84,1070.723,395,1.148,0.534,14.421,20.871,TRUE
144_6,-6.301,1078,47,956.835,1233.161,397,1.147,0.53,14.416,20.717,TRUE
144_7,-6.038,1059,33,928.983,1165.388,391,1.148,0.968,14.441,20.479,TRUE
144_8,-6.047,1112,36,867.55,1149.125,396,1.148,0.525,14.47,20.517,TRUE
144_9,-6.084,1129,42,858.751,1144.249,391,1.148,1.671,14.473,20.557,TRUE
145,-6.084,1046,50,1327.177,1422.6,380,1.147,0.689,14.508,20.592,TRUE
145_1,-6.391,1075,62,1271.981,1303.348,386,1.148,0.497,14.501,20.892,TRUE
145_10,-6.533,943,40,1077.001,1025.27,385,1.148,0.649,14.58,21.113,TRUE
145_11,-6.013,1072,36,1069.497,1277.77,395,1.147,0.55,14.593,20.606,TRUE
145_12,-6.359,1050,24,1070.251,1082.307,387,1.148,0.597,14.588,20.947,TRUE
145_13,-6.084,1014,53,975.575,1349.689,386,1.147,0.592,14.519,20.603,TRUE
145_14,-6.008,1032,45,930.526,1186.668,395,1.148,0.495,14.539,20.547,TRUE
145_15,-6.023,984,45,928.981,952.025,392,1.148,1.654,14.542,20.565,TRUE
145_16,-6.005,1012,48,924.179,1058.918,391,1.148,0.596,14.587,20.592,TRUE
145_17,-6.15,998,51,900.449,1230.945,386,1.147,0.842,14.525,20.675,TRUE
145_18,-6.009,990,39,846.182,1130.092,384,1.148,0.496,14.589,20.598,TRUE
145_19,-6.102,988,49,815.414,1326.909,383,1.147,0.483,14.541,20.643,TRUE
145_2,-6.063,1019,60,1243.993,1396.642,382,1.147,0.483,14.505,20.568,TRUE
145_20,-6.036,1074,51,813.617,1148.675,387,1.148,0.527,14.537,20.573,TRUE
145_3,-6.18,912,54,1244.946,1078.362,390,1.148,0.698,14.569,20.749,TRUE
145_4,-6.167,1026,62,1226.467,1021.081,387,1.149,0.522,14.586,20.753,TRUE
145_5,-6.548,1403,46,1191.505,1208.977,401,1.148,1.574,14.59,21.138,TRUE
145_6,-6.029,1013,42,1144.421,1356.726,387,1.147,0.506,14.571,20.6,TRUE
145_7,-6.844,1628,28,1132.683,1245.485,368,1.148,0.591,14.587,21.431,TRUE
145_8,-6.248,988,51,1083.881,1338.836,388,1.147,2.067,14.508,20.756,TRUE
145_9,-6.151,969,34,1077.44,1424.232,380,1.147,0.618,14.563,20.714,TRUE
146,-6.108,955,58,1313.795,1126.314,384,1.148,0.525,14.64,20.748,TRUE
146_1,-5.891,910,51,1301.569,1457.149,381,1.147,0.93,14.639,20.53,TRUE
146_10,-5.905,962,47,959.178,1454.08,383,1.147,0.923,14.633,20.538,TRUE
146_11,-6.134,945,50,936.46,995.618,392,1.148,0.973,14.612,20.746,TRUE
146_12,-6.083,948,49,926.057,1140.262,394,1.148,0.527,14.615,20.698,TRUE
146_13,-6.055,911,42,855.06,1381.071,383,1.147,0.908,14.606,20.661,TRUE
146_2,-6.262,964,61,1225.544,1290.321,388,1.148,0.76,14.636,20.898,TRUE
146_3,-7.403,2653,132,1219.148,1291.576,389,1.148,0.531,14.625,22.028,TRUE
146_4,-5.97,933,43,1219.571,1080.198,390,1.148,0.652,14.657,20.627,TRUE
146_5,-6.035,987,48,1072.531,1307.961,394,1.147,0.542,14.606,20.641,TRUE
146_6,-5.937,977,41,1062.602,1432.973,383,1.147,0.597,14.696,20.633,TRUE
146_7,-6.39,958,20,1031.092,1258.685,378,1.147,0.604,14.637,21.027,TRUE
146_8,-7.333,3234,53,1009.186,1129.025,391,1.148,0.632,14.612,21.945,TRUE
146_9,-6.235,1043,48,961.673,1259.047,398,1.147,0.549,14.684,20.919,TRUE
147,-5.788,913,36,1158.703,1037.869,391,1.148,0.651,14.731,20.519,TRUE
147_1,-6.063,921,49,1003.217,1405.532,386,1.147,0.717,14.792,20.855,TRUE
147_2,-5.766,866,34,907.258,1167.596,391,1.148,1.968,14.705,20.471,TRUE
147_3,-5.82,859,44,903.428,1046.64,393,1.148,0.868,14.797,20.617,TRUE
147_4,-5.826,845,44,812.271,1179.861,385,1.147,1.339,14.701,20.527,TRUE
147_5,-5.86,892,44,806.094,1039.952,384,1.148,0.967,14.707,20.567,TRUE
148,-5.616,779,36,1328.13,1441.284,382,1.147,0.588,14.892,20.508,TRUE
148_1,-6.043,808,37,1228.271,1172.003,394,1.148,0.705,14.896,20.939,TRUE
148_2,-5.935,832,34,1203.507,1211.391,390,1.148,0.632,14.831,20.766,TRUE
148_3,-7.014,2516,51,1168.339,1231.179,392,1.148,0.538,14.884,21.898,TRUE
148_4,-6.004,892,27,1097.846,1040.763,391,1.148,0.574,14.811,20.815,TRUE
148_5,-7.554,2180,125,1071.62,1395.472,388,1.147,0.678,14.875,22.429,TRUE
148_6,-5.821,883,40,996.491,1049.166,393,1.148,0.725,14.89,20.711,TRUE
148_7,-5.909,845,40,958.908,1311.356,390,1.147,0.57,14.881,20.79,TRUE
148_8,-6.066,1263,32,937.137,1286.408,395,1.147,0.611,14.878,20.944,TRUE
149,-6.44,3676,62,1144.164,1401.559,387,1.147,0.774,14.975,21.415,TRUE
149_1,-6.356,998,39,1115.768,1058.01,392,1.148,0.948,14.965,21.321,TRUE
149_2,-6.31,1837,37,987.636,1150.274,402,1.148,0.606,14.978,21.288,TRUE
149_3,-5.545,785,24,970.143,1117.221,396,1.148,1.663,14.993,20.538,TRUE
149_4,-5.553,794,28,872.132,1270.357,386,1.147,0.897,14.969,20.522,TRUE
150,-5.477,762,31,1327.041,1325.363,382,1.148,1.701,15.061,20.538,TRUE
150_1,-5.757,797,46,1321.624,1303.424,381,1.148,0.607,15.014,20.771,TRUE
150_2,-5.612,786,32,1178.21,1386.766,380,1.147,0.86,15.027,20.639,TRUE
150_3,-5.566,819,32,1089.101,1379.868,389,1.147,0.636,15.019,20.585,TRUE
150_4,-5.528,815,21,982.176,1072.223,398,1.148,0.631,15.019,20.547,TRUE
150_5,-5.68,787,38,939.468,1310.029,387,1.147,1.567,15.056,20.736,TRUE
151,-5.532,770,25,1171.85,1347.276,384,1.147,0.635,15.108,20.64,TRUE
151_1,-5.788,707,33,919.646,1418.824,381,1.147,1.292,15.172,20.96,TRUE
151_2,-5.638,766,36,830.562,1323.93,380,1.147,0.811,15.14,20.778,TRUE
152,-5.851,746,37,1247.597,1107.237,388,1.148,0.749,15.272,21.123,TRUE
152_1,-5.41,713,26,1222.242,1028.733,388,1.149,0.827,15.247,20.657,TRUE
152_2,-5.476,772,26,1219.945,1121.29,389,1.148,1.542,15.231,20.707,TRUE
152_3,-5.415,685,25,1152.88,1338.924,386,1.147,0.911,15.24,20.655,TRUE
152_4,-5.289,699,29,1119.08,1388.371,387,1.147,0.695,15.206,20.495,TRUE
152_5,-5.403,687,20,985.696,1342.512,383,1.147,0.84,15.228,20.631,TRUE
152_6,-5.654,732,33,939.076,1303.775,389,1.147,0.672,15.219,20.873,TRUE
152_7,-5.199,752,24,820.827,1251.476,386,1.147,0.954,15.288,20.487,TRUE
153,-5.363,680,34,1309.661,1430.268,378,1.147,0.97,15.382,20.745,TRUE
153_1,-5.202,666,24,1252.575,1022.87,389,1.149,0.698,15.36,20.562,TRUE
153_2,-5.189,670,27,1021.757,1391.64,383,1.147,0.877,15.382,20.571,TRUE
154,-5.415,711,28,976.664,1383.485,388,1.147,0.841,15.404,20.819,TRUE
156,-6.905,1826,96,1313.765,1093.867,385,1.149,1.283,15.638,22.543,TRUE