# Cluster,ID,MJD,phase,J,E_J,H,E_H,K,E_K
NGC1904,V8,52410.6926,0.768,10.38,0.02,9.86,0.02,9.69,0.03
NGC1904,V8,52586.1033,0.041,10.21,0.03,9.67,0.02,9.51,0.02
NGC1904,V8,52627.0778,0.571,10.45,0.03,9.91,0.02,9.77,0.01
NGC1904,V8,52646.0534,0.817,10.25,0.03,9.77,0.02,9.58,0.02
NGC1904,V8,52665.0233,0.063,10.36,0.02,9.86,0.03,9.68,0.02
NGC1904,V8,52694.8237,0.449,10.55,0.03,10.04,0.02,9.88,0.02
NGC1904,V8,52713.8921,0.696,10.34,0.02,9.86,0.02,9.68,0.02
NGC1904,V8,52752.7671,0.199,10.38,0.03,9.87,0.02,9.68,0.02
NGC1904,V8,52832.2021,0.228,10.34,0.02,9.79,0.02,9.62,0.02
NGC1904,V8,52993.075,0.312,10.27,0.02,9.75,0.01,9.57,0.03
NGC1904,V8,53006.9818,0.492,10.46,0.02,9.93,0.01,9.75,0.01
NGC1904,V8,53231.1906,0.397,10.4,0.03,9.88,0.01,9.71,0.02
NGC1904,V8,53579.152,0.904,10.18,0.02,9.64,0.02,9.49,0.03
NGC2808,V10,52351.8047,0.176,13.87,0.03,13.48,0.03,13.4,0.04
NGC2808,V10,52370.9252,0.007,13.78,0.04,13.36,0.04,13.29,0.03
NGC2808,V10,52380.9979,0.713,13.78,0.03,13.5,0.02,13.4,0.03
NGC2808,V10,52396.8552,0.696,13.66,0.09,13.38,0.06,13.4,0.1
NGC2808,V10,52406.7286,0.289,99.99,0,13.49,0.05,13.36,0.11
NGC2808,V10,52413.7435,0.262,13.91,0.06,13.5,0.04,13.37,0.08
NGC2808,V10,52429.6919,0.297,13.91,0.08,13.51,0.05,13.44,0.08
NGC2808,V10,52586.1138,0.906,13.78,0.07,13.37,0.04,13.2,0.08
NGC2808,V10,52623.0463,0.827,13.8,0.04,13.43,0.04,13.38,0.04
NGC2808,V10,52627.0877,0.117,99.99,0,13.38,0.05,13.25,0.1
NGC2808,V10,52646.0856,0.879,13.77,0.03,13.4,0.02,13.34,0.04
NGC2808,V10,52664.0606,0.061,13.77,0.03,13.37,0.02,13.28,0.04
NGC2808,V10,52682.0453,0.249,13.94,0.04,13.5,0.03,13.43,0.04
NGC2808,V10,52686.0424,0.513,14.05,0.04,13.69,0.04,13.62,0.05
NGC2808,V10,52694.8481,0.501,14.12,0.05,13.68,0.04,13.59,0.05
NGC2808,V10,52711.8856,0.153,13.86,0.03,13.42,0.03,13.36,0.03
NGC2808,V10,52740.7702,0.515,14.1,0.04,13.69,0.05,13.63,0.05
NGC2808,V10,52753.8712,0.936,13.75,0.03,13.38,0.03,13.29,0.03
NGC2808,V10,52773.7725,0.21,13.88,0.03,13.48,0.02,13.39,0.03
NGC2808,V10,52823.6965,0.491,14.04,0.04,13.71,0.03,13.66,0.04
NGC2808,V10,52907.1537,0.767,13.8,0.05,13.48,0.04,13.42,0.06
NGC2808,V10,53184.7017,0.992,99.99,0,13.37,0.05,13.27,0.07
NGC2808,V10,53580.7146,0.323,14.08,0.03,13.65,0.03,13.53,0.03
NGC5139,V1,52397.9707,0.031,9.06,0.07,8.7,0.05,8.64,0.06
NGC5139,V1,52414.8424,0.606,9.61,0.05,9.29,0.05,9.14,0.06
NGC5139,V1,52429.7599,0.114,9.13,0.05,8.85,0.06,8.73,0.1
NGC5139,V1,52750.842,0.055,9.07,0.07,8.74,0.05,8.65,0.01
NGC5139,V1,52824.7072,0.572,9.75,0.07,9.4,0.04,9.38,0.08
NGC5139,V1,53020.1042,0.23,9.34,0.05,8.89,0.05,8.78,0.07
NGC5139,V1,53043.0874,0.013,9.01,0.06,8.69,0.05,8.62,0.06
NGC5139,V1,53178.7451,0.635,9.55,0.05,9.25,0.03,9.16,0.06
NGC5139,V1,53184.7329,0.839,9.18,0.04,8.89,0.04,8.75,0.06
NGC5139,V1,53213.7372,0.828,9.13,0.04,8.82,0.03,8.69,0.05
NGC5139,V1,53244.73,0.884,9.13,0.04,8.76,0.03,8.61,0.01
NGC5139,V1,53556.731,0.515,9.81,0.06,9.41,0.04,9.29,0.06
NGC5139,V1,53567.7401,0.89,9,0.04,8.7,0.03,8.62,0.06
NGC5139,V1,53575.7216,0.162,9.19,0.06,8.8,0.05,8.69,0.07
NGC5139,V1,53598.7458,0.946,9.2,0.04,8.82,0.03,8.71,0.06
NGC5139,V29,52383.99,0.709,10.33,0.04,9.97,0.04,9.96,0.07
NGC5139,V29,52388.9245,0.044,10.13,0.04,9.81,0.04,9.68,0.05
NGC5139,V29,52390.9225,0.18,10.37,0.04,9.87,0.05,9.75,0.07
NGC5139,V29,52395.0015,0.456,10.7,0.04,10.38,0.04,10.29,0.08
NGC5139,V29,52397.9567,0.657,10.5,0.04,10.2,0.04,10.03,0.06
NGC5139,V29,52402.7537,0.983,10.2,0.06,9.78,0.05,9.63,0.08
NGC5139,V29,52406.7377,0.253,10.56,0.09,10,0.06,10.01,0.1
NGC5139,V29,52413.8688,0.737,10.34,0.06,9.98,0.04,9.82,0.07
NGC5139,V29,52414.8299,0.802,10.26,0.03,9.81,0.03,9.68,0.05
NGC5139,V29,52420.8185,0.209,10.57,0.06,10.13,0.05,9.94,0.08
NGC5139,V29,52425.8308,0.549,10.69,0.03,10.33,0.04,10.17,0.05
NGC5139,V29,52429.7421,0.814,10.27,0.05,9.91,0.05,9.64,0.06
NGC5139,V29,52435.7361,0.221,10.63,0.06,10.2,0.05,10.12,0.07
NGC5139,V29,52492.7035,0.088,10.26,0.04,9.84,0.04,9.76,0.07
NGC5139,V29,52650.078,0.769,10.28,0.01,10.04,0.03,9.97,0.06
NGC5139,V29,52665.1048,0.789,10.46,0.05,10.06,0.04,9.97,0.07
NGC5139,V29,52676.1396,0.538,10.76,0.03,10.3,0.03,10.3,0.05
NGC5139,V29,52686.1059,0.214,10.37,0.03,9.94,0.02,9.8,0.04
NGC5139,V29,52692.0818,0.62,10.63,0.04,10.23,0.03,10.12,0.07
NGC5139,V29,52693.0941,0.688,10.55,0.03,10.15,0.03,10.03,0.05
NGC5139,V29,52711.9519,0.968,10.04,0.05,9.62,0.04,9.53,0.06
NGC5139,V29,52731.0218,0.262,10.38,0.04,9.99,0.04,9.86,0.06
NGC5139,V29,52741.0015,0.94,10.04,0.07,9.69,0.03,9.61,0.06
NGC5139,V29,52748.0023,0.415,10.78,0.05,10.31,0.04,10.14,0.06
NGC5139,V29,52750.8272,0.607,10.76,0.04,10.34,0.03,10.18,0.04
NGC5139,V29,52779.8579,0.577,10.73,0.03,10.31,0.03,10.28,0.05
NGC5139,V29,52814.7653,0.946,10.11,0.04,9.72,0.04,9.55,0.06
NGC5139,V29,52816.7284,0.079,10.07,0.04,9.66,0.03,9.51,0.06
NGC5139,V29,52824.6897,0.62,10.71,0.03,10.31,0.03,10.17,0.05
NGC5139,V29,53018.0981,0.747,10.49,0.04,10.12,0.05,10.12,0.07
NGC5139,V29,53043.075,0.442,10.73,0.04,10.27,0.04,10.09,0.06
NGC5139,V29,53178.735,0.649,10.72,0.01,10.34,0.02,10.25,0.04
NGC5139,V29,53184.7229,0.056,10.09,0.03,9.68,0.03,9.58,0.04
NGC5139,V29,53213.7254,0.024,10.06,0.04,9.64,0.04,9.6,0.05
NGC5139,V29,53235.7513,0.519,10.8,0.03,10.37,0.03,10.29,0.06
NGC5139,V29,53244.7203,0.128,10.16,0.04,9.79,0.04,9.67,0.05
NGC5139,V29,53556.7211,0.304,10.43,0.03,9.94,0.03,9.85,0.04
NGC5139,V29,53567.7299,0.051,10.06,0.03,9.68,0.02,9.61,0.04
NGC5139,V29,53575.7119,0.593,10.82,0.04,10.44,0.03,10.36,0.05
NGC5139,V29,53598.7361,0.155,10.16,0.04,9.76,0.03,9.72,0.07
NGC5139,V48,52383.99,0.231,11.54,0.05,11.09,0.05,11.09,0.09
NGC5139,V48,52388.9245,0.334,11.63,0.04,11.13,0.04,11.1,0.07
NGC5139,V48,52390.9225,0.781,11.38,0.04,11.05,0.05,10.97,0.08
NGC5139,V48,52395.0015,0.693,11.42,0.06,11.16,0.04,11.05,0.1
NGC5139,V48,52397.9567,0.353,11.69,0.05,11.22,0.05,11.19,0.07
NGC5139,V48,52402.7537,0.425,11.78,0.06,11.3,0.06,11.41,0.09
NGC5139,V48,52406.7377,0.316,99.99,0,11.17,0.07,10.91,0.1
NGC5139,V48,52413.8688,0.91,11.34,0.06,11.02,0.05,10.93,0.09
NGC5139,V48,52414.8299,0.124,11.46,0.04,10.94,0.04,10.77,0.08
NGC5139,V48,52420.8185,0.463,11.76,0.07,11.45,0.06,11.14,0.09
NGC5139,V48,52425.8308,0.583,11.62,0.04,11.34,0.05,11.33,0.07
NGC5139,V48,52429.7421,0.458,11.74,0.05,11.36,0.06,11.4,0.07
NGC5139,V48,52435.7361,0.797,11.35,0.06,10.94,0.06,10.87,0.08
NGC5139,V48,52492.7035,0.53,11.75,0.05,11.37,0.04,11.35,0.09
NGC5139,V48,52650.078,0.706,11.32,0.01,11.16,0.04,11.2,0.09
NGC5139,V48,52665.1048,0.064,11.38,0.06,10.98,0.05,10.89,0.09
NGC5139,V48,52676.1396,0.531,11.77,0.04,11.35,0.03,11.53,0.09
NGC5139,V48,52686.1059,0.758,11.32,0.04,11.06,0.03,10.85,0.06
NGC5139,V48,52692.0818,0.094,11.41,0.07,10.94,0.05,10.97,0.1
NGC5139,V48,52693.0941,0.32,11.64,0.04,11.19,0.03,11.03,0.07
NGC5139,V48,52711.9519,0.535,11.89,0.06,11.37,0.04,11.44,0.07
NGC5139,V48,52731.0218,0.798,11.39,0.05,11.08,0.05,10.93,0.09
NGC5139,V48,52741.0015,0.028,11.56,0.07,10.92,0.04,10.82,0.08
NGC5139,V48,52748.0023,0.593,11.51,0.06,11.29,0.04,11.01,0.09
NGC5139,V48,52750.8272,0.224,11.56,0.07,11.1,0.04,10.88,0.08
NGC5139,V48,52779.8579,0.713,11.37,0.04,11.07,0.04,11.08,0.08
NGC5139,V48,52814.7653,0.515,11.74,0.05,11.35,0.04,11.22,0.07
NGC5139,V48,52816.7284,0.954,11.29,0.04,10.93,0.03,10.77,0.07
NGC5139,V48,52824.6897,0.734,11.42,0.04,11.04,0.03,11.02,0.06
NGC5139,V48,53018.0981,0.963,11.32,0.05,10.83,0.05,10.77,0.09
NGC5139,V48,53043.075,0.546,11.66,0.06,11.34,0.04,11.14,0.09
NGC5139,V48,53178.735,0.868,11.32,0.01,10.95,0.02,10.89,0.04
NGC5139,V48,53184.7229,0.206,11.49,0.04,11.04,0.03,10.94,0.04
NGC5139,V48,53213.7254,0.688,11.49,0.05,11.15,0.04,11.07,0.06
NGC5139,V48,53235.7513,0.612,11.61,0.04,11.28,0.04,11.2,0.06
NGC5139,V48,53244.7203,0.616,11.44,0.05,11.22,0.04,11.05,0.06
NGC5139,V48,53556.7211,0.353,11.59,0.03,11.16,0.03,11.09,0.05
NGC5139,V48,53567.7299,0.813,11.32,0.04,11.01,0.02,10.94,0.05
NGC5139,V48,53575.7119,0.597,11.63,0.05,11.32,0.04,11.29,0.07
NGC5139,V48,53598.7361,0.744,11.43,0.04,11.1,0.03,11.05,0.07
NGC5272,V154,52389.9497,0.864,11.13,0.03,10.81,0.02,10.71,0.03
NGC5272,V154,52409.8529,0.166,11.22,0.03,10.85,0.02,10.75,0.03
NGC5272,V154,52413.8537,0.428,11.83,0.03,11.39,0.02,11.34,0.03
NGC5272,V154,52425.8198,0.211,11.33,0.03,10.9,0.03,10.8,0.03
NGC5272,V154,52773.8684,0.983,11.1,0.02,10.74,0.01,10.65,0.02
NGC5272,V154,52816.7479,0.788,11.12,0.01,10.84,0.01,10.78,0.01
NGC5272,V154,52831.7171,0.768,11.08,0.02,10.84,0.03,10.76,0.03
NGC5272,V154,53031.1069,0.813,11.13,0.03,10.85,0.03,10.78,0.02
NGC5272,V154,53180.7298,0.603,11.62,0.02,11.31,0.02,11.3,0.06
NGC5272,V154,53187.7335,0.061,11.07,0.02,10.75,0.01,10.64,0.01
NGC5272,V154,53202.7132,0.041,11.07,0.01,10.74,0.01,10.64,0.01
NGC5272,V154,53557.7272,0.268,11.35,0.02,10.95,0.02,10.88,0.02
NGC5272,V154,53574.7307,0.381,11.66,0.03,11.23,0.03,11.15,0.03
NGC5272,V154,53582.706,0.903,11.13,0.02,10.82,0.02,10.74,0.03
NGC5904,V42,52382.9677,0.241,10.01,0.06,9.59,0.05,9.59,0.07
NGC5904,V42,52388.9318,0.473,10.48,0.05,10.02,0.06,10.02,0.07
NGC5904,V42,52394.986,0.708,9.82,0.06,9.53,0.05,9.59,0.07
NGC5904,V42,52411.9254,0.366,10.31,0.01,9.87,0.04,9.75,0.06
NGC5904,V42,52413.8762,0.442,10.47,0.04,10.02,0.06,10.02,0.07
NGC5904,V42,52420.8259,0.712,9.93,0.08,9.68,0.06,9.7,0.08
NGC5904,V42,52425.8384,0.906,9.88,0.06,9.54,0.06,9.49,0.09
NGC5904,V42,52441.7653,0.525,10.49,0.06,10.18,0.06,10.2,0.1
NGC5904,V42,52492.7107,0.505,10.51,0.05,10.11,0.05,10.05,0.06
NGC5904,V42,52750.9783,0.539,10.32,0.01,10.06,0.04,9.91,0.06
NGC5904,V42,52820.7425,0.25,10.12,0.05,9.61,0.05,9.55,0.07
NGC5904,V42,52833.7329,0.754,9.81,0.04,9.54,0.04,9.45,0.06
NGC5904,V42,53186.7688,0.471,10.49,0.05,10.07,0.05,10.04,0.06
NGC5904,V42,53204.7273,0.169,9.95,0.05,9.54,0.05,9.48,0.06
NGC5904,V42,53239.7169,0.528,10.41,0.04,10.1,0.05,9.99,0.06
NGC5904,V42,53557.7348,0.884,9.84,0.06,9.52,0.05,9.47,0.07
NGC5904,V42,53573.7346,0.506,10.38,0.01,10.14,0.05,10.08,0.06
NGC5904,V42,53585.7465,0.972,9.84,0.06,9.55,0.05,9.44,0.07
NGC5904,V84,52382.9677,0.341,10.18,0.06,9.76,0.05,9.67,0.08
NGC5904,V84,52388.9318,0.563,10.46,0.05,10.13,0.06,10.01,0.07
NGC5904,V84,52394.986,0.789,9.99,0.06,9.6,0.05,9.54,0.07
NGC5904,V84,52411.9254,0.419,10.57,0.01,10.05,0.04,10,0.06
NGC5904,V84,52413.8762,0.492,10.74,0.04,10.27,0.06,10.15,0.07
NGC5904,V84,52420.8259,0.75,9.84,0.08,9.5,0.06,9.49,0.09
NGC5904,V84,52425.8384,0.937,9.66,0.06,9.32,0.06,9.28,0.1
NGC5904,V84,52441.7653,0.529,10.44,0.06,10.18,0.06,10.06,0.1
NGC5904,V84,52492.7107,0.425,10.4,0.05,9.96,0.05,9.88,0.07
NGC5904,V84,52750.9783,0.037,9.87,0.01,9.49,0.05,9.37,0.06
NGC5904,V84,52820.7425,0.634,10.06,0.05,9.8,0.05,9.72,0.07
NGC5904,V84,52833.7329,0.117,9.85,0.04,9.51,0.04,9.39,0.06
NGC5904,V84,53186.7688,0.256,9.98,0.05,9.58,0.05,9.5,0.06
NGC5904,V84,53204.7273,0.924,9.9,0.05,9.49,0.05,9.45,0.06
NGC5904,V84,53239.7169,0.226,9.88,0.04,9.56,0.05,9.46,0.06
NGC5904,V84,53557.7348,0.062,9.84,0.06,9.53,0.05,9.42,0.07
NGC5904,V84,53573.7346,0.657,10.06,0.01,9.81,0.05,9.72,0.07
NGC5904,V84,53585.7465,0.104,9.9,0.06,9.56,0.05,9.46,0.08
NGC5986,V13,52390.9758,0.776,10.88,0.02,10.21,0.02,10.07,0.02
NGC5986,V13,52398.0294,0.95,10.85,0.01,10.17,0.01,10.03,0.01
NGC5986,V13,52409.9065,0.242,10.89,0.02,10.2,0.02,10.05,0.02
NGC5986,V13,52427.898,0.685,10.92,0.02,10.28,0.03,10.11,0.03
NGC5986,V13,52441.758,0.026,10.87,0.02,10.17,0.02,10,0.02
NGC5986,V13,52672.0762,0.696,10.87,0.02,10.22,0.01,10.08,0.01
NGC5986,V13,52693.1547,0.215,10.98,0.01,10.27,0.01,10.12,0.01
NGC5986,V13,52726.1679,0.028,10.82,0.01,10.15,0.01,9.99,0.01
NGC5986,V13,52734.0218,0.221,10.93,0.01,10.23,0.02,10.05,0.02
NGC5986,V13,52744.9683,0.491,10.98,0.03,10.31,0.01,10.16,0.01
NGC5986,V13,53196.8326,0.615,10.93,0.01,10.3,0.01,10.13,0.01
NGC5986,V13,53236.7426,0.597,10.94,0.01,10.3,0.02,10.16,0.02
NGC5986,V13,53557.7513,0.5,11.01,0.01,10.33,0.01,10.16,0.01
NGC5986,V13,53580.7665,0.067,10.78,0.01,10.12,0.01,9.97,0.01
NGC5986,V13,53593.7842,0.387,11.01,0.01,10.3,0.01,10.12,0.01
NGC6093,V1,52389.9759,0.318,11.93,0.02,11.44,0.02,11.32,0.03
NGC6093,V1,52410.8918,0.601,11.91,0.03,11.53,0.02,11.43,0.03
NGC6093,V1,52429.8156,0.762,11.48,0.03,11.08,0.02,11.01,0.03
NGC6093,V1,52752.9722,0.583,11.98,0.02,11.59,0.01,11.49,0.02
NGC6093,V1,52816.7791,0.496,12.07,0.02,11.62,0.02,11.5,0.02
NGC6093,V1,52827.7379,0.168,11.52,0.02,11.11,0.02,10.97,0.03
NGC6093,V1,52892.7312,0.155,11.48,0.02,11.06,0.01,10.92,0.02
NGC6093,V1,52904.7312,0.891,11.23,0.02,10.84,0.02,10.7,0.02
NGC6093,V1,53178.7851,0.7,11.73,0.02,11.38,0.02,11.29,0.02
NGC6093,V1,53187.807,0.253,11.68,0.03,11.19,0.02,11.07,0.02
NGC6093,V1,53204.7716,0.294,11.75,0.02,11.25,0.02,11.12,0.02
NGC6093,V1,53214.8129,0.909,11.28,0.02,10.87,0.01,10.75,0.02
NGC6093,V1,53235.8089,0.197,11.51,0.01,11.09,0.01,10.96,0.02
NGC6093,V1,53559.7351,0.065,11.29,0.02,10.91,0.02,10.78,0.03
NGC6093,V1,53581.7248,0.414,11.99,0.02,11.5,0.02,11.4,0.03
NGC6093,V1,53597.7513,0.397,11.95,0.01,11.45,0.01,11.29,0.02
NGC6218,V1,52353.0339,0.728,10.25,0.03,9.79,0.03,9.72,0.04
NGC6218,V1,52373.1084,0.024,9.94,0.04,9.5,0.03,9.39,0.03
NGC6218,V1,52425.0575,0.38,10.38,0.08,10.06,0.06,99.99,0
NGC6218,V1,52760.9466,0.078,9.98,0.05,9.52,0.03,9.36,0.06
NGC6218,V1,52779.905,0.303,99.99,0,9.81,0.05,9.66,0.1
NGC6218,V1,52812.7526,0.425,10.48,0.07,9.97,0.06,9.8,0.07
NGC6218,V1,52832.7667,0.718,10.28,0.04,9.85,0.04,9.74,0.04
NGC6218,V1,52903.7498,0.303,10.47,0.03,9.95,0.02,9.82,0.03
NGC6218,V1,53186.8159,0.589,10.49,0.03,10.05,0.02,9.9,0.03
NGC6218,V1,53196.8236,0.236,10.29,0.03,9.76,0.02,99.99,0
NGC6218,V1,53215.8043,0.462,10.51,0.04,10.1,0.03,99.99,0
NGC6218,V1,53218.7924,0.655,10.39,0.03,9.94,0.02,9.82,0.03
NGC6218,V1,53230.7083,0.425,10.54,0.04,10.07,0.04,9.85,0.05
NGC6218,V1,53244.8227,0.337,10.57,0.03,10.05,0.04,9.86,0.05
NGC6218,V1,53251.7419,0.784,10.08,0.04,9.66,0.02,9.56,0.04
NGC6218,V1,53556.8287,0.492,10.54,0.04,10.06,0.02,9.93,0.04
NGC6218,V1,53564.7913,0.006,9.92,0.04,9.48,0.03,9.36,0.04
NGC6218,V1,53582.7383,0.166,10.17,0.03,9.67,0.02,9.57,0.04
NGC6218,V1,53595.8047,0.01,9.95,0.03,9.51,0.02,9.42,0.05
NGC6218,V1,53605.7341,0.651,10.32,0.03,9.91,0.02,9.76,0.03
NGC6254,V1,52382.989,0.939,9.04,0.03,8.36,0.03,8.17,0.04
NGC6254,V1,52429.8637,0.897,8.9,0.06,8.25,0.06,8.06,0.07
NGC6254,V1,52760.9615,0.661,9.11,0.04,8.47,0.04,8.29,0.04
NGC6254,V1,52779.919,0.048,8.95,0.06,8.31,0.05,8.11,0.07
NGC6254,V1,52817.8017,0.822,9.04,0.03,8.39,0.02,8.22,0.03
NGC6254,V1,52831.7494,0.107,99.99,0,8.35,0.02,8.16,0.03
NGC6254,V1,52893.7471,0.374,9.13,0.03,8.47,0.02,8.26,0.05
NGC6254,V1,52893.7471,0.374,9.13,0.03,8.47,0.02,8.26,0.05
NGC6254,V1,52906.7279,0.639,9.16,0.02,8.52,0.02,8.33,0.04
NGC6254,V1,53186.8079,0.361,9.24,0.02,8.58,0.02,8.4,0.03
NGC6254,V1,53193.8693,0.505,9.18,0.02,8.53,0.02,8.35,0.04
NGC6254,V1,53217.8962,0.996,8.94,0.04,8.29,0.02,8.16,0.05
NGC6254,V1,53230.7152,0.257,9.15,0.03,8.45,0.03,8.26,0.04
NGC6254,V1,53242.7623,0.504,9.23,0.03,8.57,0.02,8.36,0.03
NGC6254,V1,53558.8554,0.961,8.94,0.03,8.3,0.02,8.13,0.03
NGC6254,V1,53579.7173,0.387,9.15,0.03,8.49,0.03,8.32,0.03
NGC6254,V1,53582.7656,0.45,9.12,0.03,8.51,0.02,8.32,0.03
NGC6254,V1,53610.8177,0.023,8.99,0.03,8.34,0.03,8.18,0.04
NGC6254,V2,52382.989,0.315,10.22,0.03,9.75,0.03,9.5,0.04
NGC6254,V2,52429.8637,0.819,9.7,0.07,9.31,0.06,9.16,0.07
NGC6254,V2,52760.9615,0.503,10.5,0.04,10.07,0.04,9.86,0.04
NGC6254,V2,52779.919,0.516,10.45,0.06,10.08,0.05,9.91,0.07
NGC6254,V2,52817.8017,0.539,10.49,0.03,10.06,0.02,9.91,0.03
NGC6254,V2,52831.7494,0.284,99.99,0,9.62,0.03,9.49,0.03
NGC6254,V2,52893.7471,0.596,10.36,0.03,9.96,0.02,9.81,0.05
NGC6254,V2,52893.7471,0.596,10.36,0.03,9.96,0.02,9.81,0.05
NGC6254,V2,52906.7279,0.289,10.11,0.02,9.6,0.02,9.46,0.04
NGC6254,V2,53186.8079,0.248,10.05,0.02,9.54,0.02,9.4,0.03
NGC6254,V2,53193.8693,0.625,10.16,0.02,9.79,0.02,9.65,0.04
NGC6254,V2,53217.8962,0.909,9.61,0.05,9.16,0.02,9.09,0.05
NGC6254,V2,53230.7152,0.593,10.3,0.03,9.92,0.03,9.75,0.04
NGC6254,V2,53242.7623,0.237,10.03,0.03,9.53,0.02,9.38,0.03
NGC6254,V2,53558.8554,0.12,9.77,0.03,9.38,0.02,9.18,0.03
NGC6254,V2,53579.7173,0.234,10.08,0.03,9.57,0.03,9.43,0.03
NGC6254,V2,53582.7656,0.397,10.41,0.03,9.91,0.02,9.73,0.03
NGC6254,V2,53610.8177,0.895,9.6,0.03,9.14,0.03,9.03,0.04
NGC6254,V3,52382.989,0.253,10.98,0.03,10.52,0.03,10.48,0.06
NGC6254,V3,52429.8637,0.239,11.02,0.07,10.62,0.06,10.47,0.08
NGC6254,V3,52760.9615,0.52,11.11,0.05,10.71,0.04,10.61,0.05
NGC6254,V3,52779.919,0.94,10.94,0.06,10.3,0.05,10.07,0.07
NGC6254,V3,52817.8017,0.778,10.91,0.03,10.49,0.02,10.39,0.04
NGC6254,V3,52831.7494,0.559,99.99,0,10.69,0.03,10.54,0.05
NGC6254,V3,52893.7471,0.476,11.13,0.03,10.69,0.02,10.49,0.05
NGC6254,V3,52893.7471,0.476,11.13,0.03,10.69,0.02,10.49,0.05
NGC6254,V3,52906.7279,0.134,10.8,0.02,10.33,0.02,10.17,0.05
NGC6254,V3,53186.8079,0.899,10.89,0.02,10.46,0.02,10.37,0.04
NGC6254,V3,53193.8693,0.801,10.88,0.02,10.49,0.02,10.34,0.04
NGC6254,V3,53217.8962,0.869,10.86,0.05,10.45,0.03,10.29,0.05
NGC6254,V3,53230.7152,0.506,11.24,0.03,10.8,0.03,10.65,0.04
NGC6254,V3,53242.7623,0.044,10.8,0.03,10.39,0.02,10.24,0.05
NGC6254,V3,53558.8554,0.409,11.03,0.03,10.61,0.02,10.4,0.04
NGC6254,V3,53579.7173,0.073,10.86,0.03,10.48,0.03,10.36,0.04
NGC6254,V3,53582.7656,0.462,11.12,0.03,10.66,0.02,10.53,0.04
NGC6254,V3,53610.8177,0.044,10.87,0.03,10.42,0.03,10.19,0.05
NGC6256,V1,52352.9723,0.638,11.92,0.02,11.26,0.02,10.98,0.03
NGC6256,V1,52371.9536,0.163,11.65,0.02,10.88,0.02,10.58,0.03
NGC6256,V1,52396.0303,0.098,11.64,0.02,10.87,0.02,10.57,0.02
NGC6256,V1,52425.8695,0.495,12.21,0.03,11.45,0.03,11.11,0.04
NGC6256,V1,52440.8547,0.699,11.77,0.04,11.09,0.04,10.88,0.06
NGC6256,V1,52512.7436,0.474,12.23,0.02,11.44,0.02,11.14,0.02
NGC6256,V1,52522.7182,0.276,11.72,0.03,11.03,0.02,10.73,0.03
NGC6256,V1,52530.7242,0.919,11.58,0.02,10.88,0.02,10.61,0.03
NGC6256,V1,52543.7431,0.965,11.59,0.02,10.86,0.02,10.57,0.05
NGC6256,V1,52698.1447,0.37,12.02,0.03,11.19,0.02,10.93,0.08
NGC6256,V1,52732.089,0.097,11.63,0.03,10.86,0.02,10.57,0.05
NGC6256,V1,52765.9556,0.818,11.51,0.03,10.87,0.02,10.59,0.04
NGC6256,V1,52780.9968,0.026,11.62,0.02,10.85,0.02,10.58,0.03
NGC6256,V1,52809.8793,0.346,11.97,0.02,11.16,0.02,10.88,0.03
NGC6256,V1,52823.047,0.404,12.09,0.03,11.32,0.02,11.05,0.03
NGC6256,V1,52830.7109,0.02,11.61,0.03,10.85,0.02,10.56,0.03
NGC6256,V1,52899.7455,0.566,12.01,0.03,11.33,0.02,99.99,0
NGC6256,V1,52922.7899,0.418,12.17,0.02,11.37,0.02,11.08,0.03
NGC6256,V1,53031.1155,0.121,11.66,0.03,10.88,0.02,10.62,0.04
NGC6256,V1,53117.1403,0.032,11.64,0.02,10.86,0.02,10.57,0.05
NGC6256,V1,53139.0033,0.788,11.5,0.02,10.85,0.02,10.6,0.04
NGC6256,V1,53167.8636,0.107,11.66,0.02,10.88,0.02,10.59,0.04
NGC6256,V1,53177.8252,0.907,11.57,0.02,10.87,0.02,10.59,0.05
NGC6256,V1,53187.9169,0.718,11.57,0.02,10.96,0.02,10.7,0.03
NGC6256,V1,53195.8957,0.359,12.04,0.03,11.24,0.02,10.99,0.02
NGC6256,V1,53213.7896,0.797,11.5,0.02,10.86,0.02,10.6,0.02
NGC6256,V1,53236.7568,0.642,11.72,0.02,11.1,0.02,10.83,0.04
NGC6256,V1,53556.7593,0.351,11.86,0.02,11.06,0.02,10.79,0.04
NGC6256,V1,53593.7911,0.326,11.77,0.02,10.99,0.02,10.69,0.03
NGC6256,V1,53609.7324,0.607,12.13,0.03,11.41,0.02,11.14,0.06
NGC6266,V2,52353.0618,0.157,11,0.04,10.45,0.04,10.26,0.04
NGC6266,V2,52371.0187,0.849,10.85,0.05,10.38,0.04,10.26,0.04
NGC6266,V2,52382.0077,0.885,10.87,0.06,10.35,0.07,10.25,0.08
NGC6266,V2,52411.9545,0.708,11,0.04,10.57,0.04,10.45,0.05
NGC6266,V2,52430.851,0.489,11.36,0.07,10.86,0.07,10.52,0.07
NGC6266,V2,52441.8303,0.524,11.53,0.05,10.94,0.06,10.8,0.07
NGC6266,V2,52512.7657,0.21,99.99,0,10.48,0.02,10.28,0.04
NGC6266,V2,52522.7262,0.149,11.02,0.06,10.46,0.06,10.33,0.07
NGC6266,V2,52530.7308,0.904,99.99,0,10.39,0.02,10.24,0.05
NGC6266,V2,52543.7499,0.131,10.99,0.04,10.38,0.05,99.99,0
NGC6266,V2,52698.1513,0.685,10.84,0.09,10.67,0.06,99.99,0
NGC6266,V2,52766.9129,0.166,10.95,0.07,10.48,0.04,10.23,0.08
NGC6266,V2,52781.0142,0.495,11.6,0.07,10.88,0.04,10.74,0.06
NGC6266,V2,52809.8999,0.218,11.02,0.06,10.51,0.07,10.36,0.07
NGC6266,V2,52823.0313,0.456,11.38,0.07,10.95,0.08,10.82,0.08
NGC6266,V2,52830.7244,0.181,11.01,0.06,10.46,0.05,99.99,0
NGC6266,V2,52899.7559,0.688,11.02,0.06,10.62,0.06,10.46,0.08
NGC6266,V2,53031.1224,0.07,11.04,0.06,10.39,0.06,10.28,0.1
NGC6266,V2,53177.8354,0.9,10.84,0.04,10.35,0.03,10.25,0.04
NGC6266,V2,53196.8678,0.694,10.98,0.03,10.57,0.02,10.44,0.03
NGC6266,V2,53218.827,0.763,10.91,0.02,10.51,0.02,10.36,0.03
NGC6266,V2,53238.8035,0.646,11.17,0.02,10.75,0.02,10.6,0.04
NGC6266,V2,53557.7586,0.711,10.94,0.03,10.52,0.03,10.42,0.04
NGC6266,V2,53566.7665,0.56,11.4,0.03,10.9,0.02,10.81,0.03
NGC6266,V2,53582.7862,0.07,10.89,0.04,10.32,0.06,10.23,0.07
NGC6266,V2,53595.8343,0.3,11.12,0.03,10.54,0.02,10.4,0.03
NGC6266,V2,53607.7353,0.422,11.32,0.07,10.74,0.06,10.57,0.07
NGC6266,V2,53609.7477,0.611,11.2,0.05,10.71,0.04,10.55,0.06
NGC6273,V1,52425.097,0.254,11.41,0.03,10.85,0.03,10.74,0.03
NGC6273,V1,52760.0503,0.05,11.03,0.02,10.57,0.02,10.44,0.04
NGC6273,V1,52777.9196,0.106,11.12,0.02,10.66,0.02,10.54,0.03
NGC6273,V1,52815.0488,0.3,11.54,0.01,10.97,0.01,10.82,0.02
NGC6273,V1,52823.8537,0.821,11.15,0.02,10.67,0.02,10.55,0.02
NGC6273,V1,52892.7742,0.894,11,0.01,10.53,0.01,10.39,0.02
NGC6273,V1,53117.1553,0.155,11.16,0.02,10.67,0.03,10.52,0.03
NGC6273,V1,53166.1094,0.049,11.04,0.02,10.59,0.02,10.43,0.02
NGC6273,V1,53167.8834,0.154,11.18,0.03,10.69,0.02,10.55,0.03
NGC6273,V1,53181.8734,0.98,11,0.02,10.54,0.01,10.41,0.02
NGC6273,V1,53193.8749,0.69,11.45,0.02,11.02,0.01,10.9,0.01
NGC6273,V1,53217.9106,0.11,11.12,0.02,10.63,0.03,10.51,0.03
NGC6273,V1,53234.7161,0.103,11.09,0.02,10.63,0.02,10.49,0.02
NGC6273,V1,53558.9061,0.264,11.38,0.01,10.84,0.02,10.69,0.02
NGC6273,V1,53579.7237,0.494,11.75,0.01,11.24,0.02,11.11,0.02
NGC6273,V1,53588.7612,0.028,10.99,0.01,10.54,0.02,10.4,0.02
NGC6273,V1,53610.7756,0.329,11.59,0.01,11.01,0.01,10.85,0.01
NGC6273,V2,52425.097,0.357,11.81,0.03,11.33,0.03,11.16,0.03
NGC6273,V2,52760.0503,0.049,11.16,0.02,10.73,0.02,10.58,0.04
NGC6273,V2,52777.9196,0.313,11.73,0.02,11.19,0.02,11.03,0.03
NGC6273,V2,52815.0488,0.939,11.15,0.01,10.69,0.01,10.56,0.01
NGC6273,V2,52823.8537,0.562,11.85,0.02,11.41,0.02,11.25,0.02
NGC6273,V2,52892.7742,0.437,11.94,0.01,11.42,0.01,11.26,0.02
NGC6273,V2,53117.1553,0.308,11.65,0.02,11.14,0.03,10.97,0.03
NGC6273,V2,53166.1094,0.77,11.29,0.02,10.92,0.02,10.79,0.02
NGC6273,V2,53167.8834,0.896,11.2,0.03,10.75,0.02,10.62,0.03
NGC6273,V2,53181.8734,0.885,11.22,0.02,10.78,0.01,10.65,0.02
NGC6273,V2,53193.8749,0.734,11.32,0.01,10.97,0.01,10.85,0.01
NGC6273,V2,53217.9106,0.434,11.93,0.02,11.43,0.02,11.28,0.02
NGC6273,V2,53234.7161,0.623,11.69,0.02,11.31,0.02,11.17,0.02
NGC6273,V2,53558.9061,0.553,11.86,0.01,11.43,0.02,11.26,0.02
NGC6273,V2,53579.7237,0.026,11.11,0.01,10.69,0.01,10.56,0.02
NGC6273,V2,53588.7612,0.665,11.61,0.01,11.23,0.02,11.12,0.02
NGC6273,V2,53610.7756,0.222,11.36,0.01,10.91,0.01,10.76,0.01
NGC6273,V4,52425.097,0.61,13.52,0.04,13.08,0.05,12.95,0.05
NGC6273,V4,52760.0503,0.304,13.34,0.03,12.81,0.03,12.64,0.06
NGC6273,V4,52777.9196,0.65,13.16,0.04,12.85,0.03,12.68,0.04
NGC6273,V4,52815.0488,0.913,13.05,0.02,12.64,0.02,12.57,0.03
NGC6273,V4,52823.8537,0.532,13.52,0.03,13.02,0.03,12.9,0.04
NGC6273,V4,52892.7742,0.864,13.05,0.02,12.63,0.02,12.54,0.03
NGC6273,V4,53117.1553,0.104,13.11,0.05,12.61,0.05,12.54,0.05
NGC6273,V4,53166.1094,0.228,13.27,0.03,12.72,0.03,12.65,0.03
NGC6273,V4,53167.8834,0.957,13.03,0.04,12.63,0.04,12.54,0.05
NGC6273,V4,53181.8734,0.708,13.12,0.03,12.76,0.02,12.69,0.03
NGC6273,V4,53193.8749,0.642,13.14,0.02,12.81,0.02,12.72,0.03
NGC6273,V4,53217.9106,0.522,13.51,0.05,13.02,0.05,13.01,0.05
NGC6273,V4,53234.7161,0.431,13.47,0.03,12.94,0.03,12.92,0.03
NGC6273,V4,53558.9061,0.7,13.1,0.02,12.75,0.02,12.69,0.03
NGC6273,V4,53579.7237,0.257,13.33,0.03,12.78,0.03,12.64,0.04
NGC6273,V4,53588.7612,0.973,13.07,0.02,12.62,0.02,12.53,0.04
NGC6273,V4,53610.7756,0.022,13.08,0.02,12.64,0.02,12.53,0.03
NGC6284,V1,52353.0806,0.247,13.73,0.03,13.25,0.02,13.14,0.04
NGC6284,V1,52371.0292,0.252,13.73,0.03,13.24,0.03,13.13,0.04
NGC6284,V1,52390.0169,0.489,13.77,0.02,13.4,0.03,13.21,0.06
NGC6284,V1,52425.8797,0.492,13.72,0.04,13.4,0.03,13.35,0.06
NGC6284,V1,52441.8398,0.054,13.57,0.05,13.15,0.03,13.06,0.08
NGC6284,V1,52442.7842,0.264,13.73,0.06,13.2,0.05,13.11,0.07
NGC6284,V1,52512.7764,0.883,13.54,0.04,13.09,0.03,12.99,0.04
NGC6284,V1,52522.7327,0.105,13.59,0.04,13.13,0.04,13.01,0.05
NGC6284,V1,52532.7134,0.332,13.84,0.03,13.33,0.03,13.27,0.05
NGC6284,V1,52543.7565,0.797,13.49,0.03,13.06,0.04,13.04,0.06
NGC6284,V1,52701.073,0.903,13.51,0.06,13.04,0.03,12.96,0.07
NGC6284,V1,52732.1621,0.84,13.5,0.04,13.05,0.03,12.96,0.07
NGC6284,V1,52766.9195,0.597,13.71,0.06,13.29,0.04,13.22,0.07
NGC6284,V1,52783.047,0.196,13.67,0.03,13.19,0.03,13.02,0.05
NGC6284,V1,52809.9286,0.194,13.64,0.04,13.19,0.02,13.08,0.06
NGC6284,V1,52829.0021,0.451,13.87,0.04,13.39,0.03,13.26,0.06
NGC6284,V1,52899.7823,0.245,13.65,0.03,13.19,0.02,13.09,0.05
NGC6284,V1,53177.8443,0.296,13.7,0.04,13.22,0.02,13.15,0.05
NGC6284,V1,53195.8996,0.325,13.68,0.04,13.21,0.03,13.16,0.04
NGC6284,V1,53254.7444,0.457,13.84,0.03,13.38,0.03,13.27,0.03
NGC6284,V1,53559.829,0.538,13.87,0.03,13.44,0.02,13.4,0.05
NGC6284,V1,53580.7942,0.216,13.61,0.02,13.13,0.02,13.01,0.03
NGC6284,V1,53591.7904,0.67,13.73,0.03,13.33,0.02,13.2,0.04
NGC6284,V1,53610.7878,0.91,13.51,0.04,13.08,0.04,13.04,0.04
NGC6284,V4,52353.0806,0.301,14.14,0.04,13.69,0.03,13.58,0.05
NGC6284,V4,52371.0292,0.669,14.03,0.04,13.69,0.03,13.59,0.05
NGC6284,V4,52390.0169,0.405,14.39,0.06,13.87,0.04,13.73,0.08
NGC6284,V4,52425.8797,0.128,13.97,0.05,13.55,0.04,13.46,0.06
NGC6284,V4,52441.8398,0.79,13.94,0.05,13.62,0.05,13.63,0.1
NGC6284,V4,52442.7842,0.125,13.93,0.06,13.5,0.06,13.44,0.08
NGC6284,V4,52512.7764,0.957,13.9,0.04,13.48,0.03,13.39,0.05
NGC6284,V4,52522.7327,0.489,14.47,0.06,13.97,0.05,13.87,0.07
NGC6284,V4,52532.7134,0.03,13.91,0.04,13.47,0.03,13.43,0.07
NGC6284,V4,52543.7565,0.948,13.93,0.04,13.45,0.04,13.48,0.08
NGC6284,V4,52701.073,0.759,13.83,0.08,13.65,0.04,13.59,0.09
NGC6284,V4,52732.1621,0.789,13.99,0.04,13.56,0.03,13.5,0.09
NGC6284,V4,52766.9195,0.12,14.07,0.06,13.53,0.04,13.48,0.09
NGC6284,V4,52783.047,0.842,13.91,0.04,13.47,0.03,13.47,0.07
NGC6284,V4,52809.9286,0.379,14.41,0.05,13.89,0.05,13.9,0.1
NGC6284,V4,52829.0021,0.145,14.03,0.04,13.55,0.04,13.54,0.08
NGC6284,V4,52899.7823,0.256,14.11,0.04,13.62,0.03,13.5,0.07
NGC6284,V4,53177.8443,0.905,13.89,0.04,13.45,0.03,13.42,0.06
NGC6284,V4,53195.8996,0.311,14.24,0.05,13.79,0.04,13.69,0.06
NGC6284,V4,53254.7444,0.187,14.04,0.04,13.52,0.04,13.54,0.06
NGC6284,V4,53559.829,0.423,14.38,0.05,13.85,0.02,13.8,0.06
NGC6284,V4,53580.7942,0.861,13.89,0.04,13.48,0.02,13.47,0.05
NGC6284,V4,53591.7904,0.762,14.02,0.04,13.6,0.04,13.62,0.05
NGC6284,V4,53610.7878,0.502,14.42,0.05,13.96,0.04,13.95,0.08
NGC6293,V2,52391.0069,0.315,14.24,0.05,13.86,0.04,13.82,0.09
NGC6293,V2,52398.0556,0.28,14.29,0.05,13.83,0.05,13.69,0.09
NGC6293,V2,52415.0493,0.661,14.24,0.05,13.88,0.04,13.74,0.09
NGC6293,V2,52765.9683,0.622,14.27,0.07,13.93,0.04,13.95,0.09
NGC6293,V2,52783.0572,0.083,14.15,0.04,13.71,0.03,13.6,0.07
NGC6293,V2,52818.7971,0.328,14.26,0.04,13.85,0.03,13.72,0.07
NGC6293,V2,52896.7398,0.286,14.29,0.03,13.8,0.03,13.7,0.05
NGC6293,V2,52898.7348,0.974,14.1,0.04,13.69,0.03,13.58,0.06
NGC6293,V2,52907.76,0.611,14.29,0.04,13.88,0.03,13.76,0.06
NGC6293,V2,53184.768,0.026,14.13,0.04,13.72,0.04,13.61,0.08
NGC6293,V2,53195.9153,0.459,14.41,0.04,13.93,0.03,13.89,0.06
NGC6293,V2,53218.801,0.826,14.11,0.03,13.68,0.02,13.48,0.04
NGC6293,V2,53235.7963,0.208,14.24,0.03,13.77,0.03,13.69,0.06
NGC6293,V2,53580.8204,0.181,14.24,0.03,13.71,0.02,13.52,0.04
NGC6293,V2,53591.7769,0.453,14.43,0.05,13.93,0.03,13.66,0.05
NGC6293,V2,53610.7398,0.5,14.39,0.04,13.92,0.03,13.88,0.07
NGC6325,V1,52390.0335,0.973,11.8,0.02,11.07,0.03,10.84,0.03
NGC6325,V1,52425.8866,0.837,11.82,0.02,11.14,0.02,10.92,0.03
NGC6325,V1,52522.7522,0.576,12.06,0.02,11.4,0.04,11.16,0.04
NGC6325,V1,52532.7325,0.374,12.14,0.02,11.43,0.03,11.19,0.04
NGC6325,V1,52543.7763,0.256,12.1,0.03,11.33,0.03,11.08,0.04
NGC6325,V1,52701.0796,0.824,11.86,0.02,11.16,0.02,10.93,0.03
NGC6325,V1,52732.1687,0.308,12.1,0.02,11.35,0.03,11.12,0.04
NGC6325,V1,52766.926,0.085,11.8,0.02,11.1,0.02,10.86,0.03
NGC6325,V1,52782.893,0.361,99.99,0,11.43,0.01,11.19,0.03
NGC6325,V1,52812.7935,0.75,11.95,0.02,11.26,0.03,11.05,0.03
NGC6325,V1,52826.0457,0.809,11.92,0.02,11.25,0.01,11.03,0.02
NGC6325,V1,52833.7884,0.428,12.14,0.01,11.41,0.02,11.17,0.02
NGC6325,V1,52899.8124,0.703,12.04,0.02,11.36,0.03,11.13,0.04
NGC6325,V1,52924.747,0.695,12.04,0.01,11.36,0.01,11.15,0.01
NGC6325,V1,53166.1296,0.981,11.81,0.02,11.11,0.02,10.91,0.01
NGC6325,V1,53167.9152,0.124,11.83,0.02,11.12,0.02,10.9,0.03
NGC6325,V1,53177.8787,0.92,11.85,0.01,11.14,0.01,10.92,0.02
NGC6325,V1,53195.9189,0.361,12.12,0.02,11.37,0.02,11.14,0.03
NGC6325,V1,53218.8442,0.193,11.87,0.01,11.14,0.01,10.94,0.01
NGC6325,V1,53236.7882,0.626,12.1,0.01,11.41,0.01,11.2,0.02
NGC6325,V1,53556.7779,0.193,12,0.02,11.26,0.02,11.04,0.03
NGC6325,V1,53573.7601,0.55,12.07,0.01,11.38,0.02,11.15,0.02
NGC6325,V1,53587.7822,0.67,11.99,0.01,11.31,0.01,11.09,0.02
NGC6325,V1,53609.7654,0.426,12.13,0.03,11.41,0.02,11.17,0.03
NGC6325,V2,52390.0335,0.65,12.17,0.02,11.48,0.03,11.28,0.03
NGC6325,V2,52425.8866,0.987,12.06,0.03,11.34,0.02,11.13,0.03
NGC6325,V2,52522.7522,0.003,12.05,0.02,11.34,0.04,11.14,0.04
NGC6325,V2,52532.7325,0.932,12.03,0.02,11.32,0.03,11.13,0.04
NGC6325,V2,52543.7763,0.96,12.05,0.03,11.34,0.03,11.14,0.04
NGC6325,V2,52701.0796,0.601,12.15,0.02,11.49,0.02,11.28,0.03
NGC6325,V2,52732.1687,0.494,12.22,0.02,11.52,0.03,11.31,0.04
NGC6325,V2,52766.926,0.729,12.12,0.02,11.44,0.02,11.23,0.03
NGC6325,V2,52782.893,0.216,99.99,0,11.43,0.01,11.21,0.03
NGC6325,V2,52812.7935,0.999,12.03,0.02,11.3,0.03,11.11,0.03
NGC6325,V2,52826.0457,0.232,12.15,0.02,11.43,0.01,11.23,0.02
NGC6325,V2,52833.7884,0.953,12.03,0.01,11.33,0.02,11.11,0.02
NGC6325,V2,52899.8124,0.098,12.04,0.02,11.32,0.03,11.1,0.04
NGC6325,V2,52924.747,0.419,12.22,0.01,11.51,0.01,11.29,0.01
NGC6325,V2,53166.1296,0.885,12.04,0.02,11.36,0.02,11.15,0.02
NGC6325,V2,53167.9152,0.052,12.03,0.02,11.3,0.02,11.1,0.03
NGC6325,V2,53177.8787,0.979,12.02,0.01,11.31,0.01,11.11,0.02
NGC6325,V2,53195.9189,0.658,12.18,0.02,11.49,0.02,11.28,0.03
NGC6325,V2,53218.8442,0.792,12.1,0.01,11.42,0.01,11.21,0.01
NGC6325,V2,53236.7882,0.462,12.26,0.01,11.55,0.01,11.34,0.02
NGC6325,V2,53556.7779,0.245,12.15,0.02,11.42,0.02,11.21,0.03
NGC6325,V2,53573.7601,0.826,12.08,0.01,11.38,0.02,11.18,0.02
NGC6325,V2,53587.7822,0.131,12.08,0.01,11.36,0.01,11.17,0.02
NGC6325,V2,53609.7654,0.177,12.09,0.03,11.38,0.02,11.19,0.03
HP1,V16,52425.1016,0.414,12.17,0.03,11.34,0.03,11.02,0.04
HP1,V16,52754.1205,0.477,12.19,0.02,11.39,0.01,11.06,0.02
HP1,V16,52772.0609,0.571,12.12,0.02,11.36,0.01,11.04,0.02
HP1,V16,52783.9541,0.296,12.03,0.02,11.13,0.02,10.81,0.03
HP1,V16,52817.1033,0.317,12.05,0.02,11.16,0.02,10.86,0.02
HP1,V16,52828.0178,0.983,11.35,0.03,10.59,0.04,10.3,0.06
HP1,V16,52897.7706,0.236,11.76,0.02,10.92,0.02,10.61,0.02
HP1,V16,52929.7653,0.187,11.64,0.04,10.84,0.03,10.53,0.03
HP1,V16,53181.0254,0.507,12.2,0.02,11.39,0.02,11.09,0.02
HP1,V16,53193.9059,0.293,11.91,0.02,11.04,0.02,10.74,0.03
HP1,V16,53208.8164,0.202,11.65,0.02,10.83,0.02,10.54,0.03
HP1,V16,53235.8732,0.852,11.48,0.02,10.72,0.01,10.42,0.02
HP1,V16,53251.8751,0.828,11.51,0.02,10.71,0.02,10.46,0.03
HP1,V16,53556.8744,0.425,12.19,0.03,11.32,0.03,11.02,0.03
HP1,V16,53573.794,0.457,12.17,0.02,11.35,0.02,11.02,0.03
HP1,V16,53587.8791,0.316,12.04,0.02,11.15,0.02,10.82,0.03
HP1,V17,52425.1016,0.84,11.58,0.03,10.79,0.03,10.48,0.04
HP1,V17,52754.1205,0.657,11.96,0.02,11.2,0.01,10.9,0.02
HP1,V17,52772.0609,0.901,11.61,0.02,10.82,0.01,10.54,0.02
HP1,V17,52783.9541,0.726,11.83,0.02,11.05,0.02,10.79,0.03
HP1,V17,52817.1033,0.024,11.61,0.02,10.86,0.02,10.57,0.02
HP1,V17,52828.0178,0.781,11.76,0.03,10.98,0.03,10.71,0.06
HP1,V17,52897.7706,0.618,12.15,0.02,11.36,0.02,11.06,0.02
HP1,V17,52929.7653,0.837,11.71,0.03,10.95,0.03,10.66,0.03
HP1,V17,53181.0254,0.262,11.93,0.02,11.07,0.02,10.77,0.02
HP1,V17,53193.9059,0.155,11.7,0.02,10.89,0.02,10.61,0.03
HP1,V17,53208.8164,0.189,11.74,0.02,10.94,0.02,10.64,0.03
HP1,V17,53235.8732,0.065,11.58,0.02,10.82,0.01,10.53,0.02
HP1,V17,53251.8751,0.175,11.7,0.02,10.89,0.02,10.62,0.03
HP1,V17,53556.8744,0.326,12.01,0.02,11.13,0.03,10.86,0.03
HP1,V17,53573.794,0.499,12.22,0.02,11.38,0.02,11.09,0.03
HP1,V17,53587.8791,0.476,12.25,0.02,11.38,0.02,11.07,0.03
Terzan1,V5,52441.8497,0.729,11.98,0.03,11,0.03,10.67,0.04
Terzan1,V5,52701.1153,0.483,12.36,0.04,11.29,0.03,10.96,0.04
Terzan1,V5,52734.0755,0.231,12,0.03,10.9,0.02,10.54,0.03
Terzan1,V5,52765.0459,0.874,11.64,0.03,10.62,0.02,10.31,0.03
Terzan1,V5,52781.0487,0.723,11.99,0.02,10.99,0.02,10.67,0.03
Terzan1,V5,52816.0591,0.58,12.31,0.03,11.27,0.02,10.96,0.03
Terzan1,V5,52824.0718,0.006,11.58,0.03,10.57,0.03,10.26,0.03
Terzan1,V5,52832.799,0.469,12.31,0.03,11.22,0.02,10.88,0.03
Terzan1,V5,52893.7851,0.704,12,0.02,11.01,0.02,10.7,0.03
Terzan1,V5,52893.7851,0.704,12,0.02,11.01,0.02,10.7,0.03
Terzan1,V5,52907.7966,0.447,12.36,0.02,11.29,0.02,10.9,0.03
Terzan1,V5,52930.7374,0.664,12.14,0.03,11.13,0.03,10.83,0.03
Terzan1,V5,53135.0343,0.502,12.35,0.03,11.27,0.03,10.92,0.03
Terzan1,V5,53166.1604,0.153,11.74,0.03,10.72,0.03,10.37,0.03
Terzan1,V5,53179.9691,0.886,11.6,0.03,10.61,0.03,10.26,0.04
Terzan1,V5,53193.955,0.628,12.2,0.02,11.19,0.02,10.87,0.03
Terzan1,V5,53204.8865,0.208,11.94,0.02,10.86,0.02,10.51,0.03
Terzan1,V5,53234.8293,0.796,11.72,0.02,10.71,0.02,10.4,0.03
Terzan1,V5,53251.7985,0.697,12.01,0.02,11.03,0.02,10.73,0.03
Terzan1,V5,53556.9064,0.883,11.61,0.03,10.59,0.03,10.28,0.04
Terzan1,V5,53579.9063,0.103,11.68,0.02,10.69,0.03,10.31,0.03
Terzan1,V5,53593.8425,0.842,11.66,0.02,10.65,0.02,10.32,0.03
NGC6402,V1,52392.0179,0.058,11.25,0.02,10.77,0.01,10.57,0.03
NGC6402,V1,52758.1252,0.591,11.92,0.01,11.41,0.01,11.23,0.02
NGC6402,V1,52764.1071,0.91,11.21,0.02,10.7,0.01,10.52,0.01
NGC6402,V1,52771.1489,0.286,11.68,0.02,11.06,0.01,10.87,0.02
NGC6402,V1,52779.1472,0.713,11.42,0.02,10.99,0.01,10.82,0.02
NGC6402,V1,52831.8976,0.527,12.05,0.02,11.5,0.01,11.29,0.02
NGC6402,V1,52903.7706,0.362,11.88,0.02,11.26,0.01,11.05,0.02
NGC6402,V1,53185.885,0.413,11.93,0.01,11.32,0.01,11.12,0.02
NGC6402,V1,53196.8891,0.001,11.2,0.01,10.7,0.01,10.5,0.01
NGC6402,V1,53561.8666,0.473,11.99,0.02,11.42,0.01,11.24,0.02
NGC6402,V2,52392.0179,0.422,13.68,0.06,13.17,0.05,12.95,0.09
NGC6402,V2,52758.1252,0.422,13.67,0.04,13.21,0.03,12.98,0.05
NGC6402,V2,52764.1071,0.563,13.56,0.05,13.15,0.04,12.99,0.06
NGC6402,V2,52771.1489,0.082,13.25,0.06,12.76,0.04,12.61,0.06
NGC6402,V2,52779.1472,0.944,13.18,0.05,12.71,0.04,12.58,0.06
NGC6402,V2,52831.8976,0.82,13.24,0.04,12.82,0.03,12.67,0.05
NGC6402,V2,52903.7706,0.537,13.7,0.04,13.24,0.04,13.12,0.05
NGC6402,V2,53185.885,0.483,13.71,0.04,13.24,0.03,13.05,0.04
NGC6402,V2,53196.8891,0.421,13.69,0.04,13.23,0.03,13.03,0.04
NGC6402,V2,53561.8666,0.017,13.21,0.04,12.75,0.04,12.6,0.06
NGC6402,V7,52392.0179,0.37,12.35,0.03,11.74,0.03,11.56,0.04
NGC6402,V7,52758.1252,0.292,12.16,0.02,11.56,0.01,11.36,0.02
NGC6402,V7,52764.1071,0.731,12.02,0.02,11.48,0.02,11.33,0.02
NGC6402,V7,52771.1489,0.249,12.04,0.03,11.45,0.02,11.26,0.02
NGC6402,V7,52779.1472,0.837,11.86,0.03,11.35,0.03,11.19,0.03
NGC6402,V7,52831.8976,0.716,12.09,0.02,11.54,0.02,11.4,0.02
NGC6402,V7,52903.7706,0.002,11.73,0.03,11.18,0.03,11.01,0.03
NGC6402,V7,53185.885,0.747,11.89,0.02,11.4,0.02,11.24,0.03
NGC6402,V7,53196.8891,0.556,12.25,0.02,11.74,0.01,11.56,0.02
NGC6402,V7,53561.8666,0.395,12.32,0.02,11.72,0.02,11.54,0.02
NGC6402,V76,52392.0179,0.389,13.93,0.06,13.45,0.05,13.35,0.09
NGC6402,V76,52758.1252,0.086,13.6,0.04,13.16,0.03,13.06,0.05
NGC6402,V76,52764.1071,0.251,13.78,0.05,13.26,0.04,13.14,0.06
NGC6402,V76,52771.1489,0.977,13.63,0.06,13.15,0.04,12.97,0.07
NGC6402,V76,52779.1472,0.209,13.69,0.05,13.23,0.04,13.08,0.07
NGC6402,V76,52831.8976,0.117,13.65,0.04,13.17,0.03,13.1,0.06
NGC6402,V76,52903.7706,0.143,13.69,0.04,13.19,0.04,13.08,0.05
NGC6402,V76,53185.885,0.402,13.96,0.04,13.44,0.03,13.24,0.04
NGC6402,V76,53196.8891,0.224,13.76,0.04,13.24,0.03,13.09,0.04
NGC6402,V76,53561.8666,0.324,13.85,0.04,13.38,0.04,13.22,0.06
NGC6441,V6,52350.1107,0.591,12.31,0.02,11.86,0.03,11.72,0.03
NGC6441,V6,52371.1069,0.526,12.62,0.03,12.14,0.04,11.97,0.03
NGC6441,V6,52392.0362,0.457,12.37,0.04,12.03,0.03,11.87,0.04
NGC6441,V6,52511.8472,0.789,11.82,0.02,11.29,0.02,11.17,0.03
NGC6441,V6,52705.068,0.388,12.4,0.04,11.71,0.04,11.51,0.03
NGC6441,V6,52758.1398,0.75,11.88,0.02,11.53,0.02,11.4,0.03
NGC6441,V6,52764.0712,0.014,11.7,0.03,11.15,0.02,11.07,0.05
NGC6441,V6,52771.1365,0.328,12.28,0.02,11.88,0.02,11.76,0.03
NGC6441,V6,52779.0923,0.682,12.11,0.02,11.74,0.02,11.61,0.03
NGC6441,V6,52812.9356,0.189,12.02,0.03,11.54,0.03,11.24,0.04
NGC6441,V6,52823.0784,0.64,12.21,0.03,11.91,0.03,11.74,0.03
NGC6441,V6,52833.0652,0.084,11.73,0.03,11.16,0.03,11,0.04
NGC6441,V6,52898.8431,0.012,11.75,0.06,11.18,0.04,11.12,0.08
NGC6441,V6,53173.9696,0.256,12.1,0.03,11.69,0.03,11.32,0.03
NGC6441,V6,53182.0222,0.614,12.14,0.03,11.61,0.03,11.5,0.04
NGC6441,V6,53592.8827,0.899,11.77,0.02,11.36,0.02,11.17,0.03
NGC6441,V129,52350.1107,0.469,12.35,0.06,11.78,0.11,11.65,0.13
NGC6441,V129,52371.1069,0.647,12.3,0.05,11.85,0.08,11.71,0.12
NGC6441,V129,52392.0362,0.821,12.15,0.07,11.49,0.07,11.4,0.06
NGC6441,V129,52511.8472,0.54,12.33,0.06,11.94,0.13,11.71,0.05
NGC6441,V129,52705.068,0.375,99.99,0,99.99,0,11.76,0.19
NGC6441,V129,52758.1398,0.351,12.25,0.04,11.89,0.12,11.63,0.04
NGC6441,V129,52764.0712,0.684,12.28,0.06,11.62,0.08,11.5,0.11
NGC6441,V129,52771.1365,0.08,11.89,0.04,11.32,0.06,11.25,0.05
NGC6441,V129,52779.0923,0.526,12.4,0.06,12.01,0.05,12.06,0.07
NGC6441,V129,52812.9356,0.424,12.34,0.04,11.76,0.1,11.61,0.06
NGC6441,V129,52823.0784,0.993,11.96,0.04,11.41,0.06,11.28,0.05
NGC6441,V129,52833.0652,0.553,99.99,0,99.99,0,11.58,0.07
NGC6441,V129,52898.8431,0.242,99.99,0,11.64,0.1,11.37,0.11
NGC6441,V129,53173.9696,0.671,12.26,0.05,11.57,0.06,11.55,0.06
NGC6441,V129,53182.0222,0.122,11.93,0.04,11.21,0.05,11.27,0.06
NGC6441,V129,53592.8827,0.163,12.12,0.04,11.54,0.05,11.46,0.04
NGC6453,V1,52765.9828,0.696,11.51,0.03,10.86,0.01,10.69,0.02
NGC6453,V1,52781.0917,0.182,11.35,0.01,10.65,0.01,10.46,0.01
NGC6453,V1,52819.0753,0.405,11.86,0.02,11.16,0.02,10.97,0.02
NGC6453,V1,52828.0341,0.693,11.46,0.02,10.84,0.02,10.66,0.02
NGC6453,V1,52897.8056,0.939,11.16,0.01,10.54,0.01,10.34,0.02
NGC6453,V1,52949.7718,0.611,11.79,0.02,11.14,0.02,10.96,0.03
NGC6453,V1,53181.0578,0.055,11.18,0.02,10.54,0.01,10.36,0.02
NGC6453,V1,53217.964,0.243,11.42,0.02,10.76,0.03,10.57,0.03
NGC6453,V1,53218.9323,0.274,11.47,0.02,10.8,0.02,10.63,0.02
NGC6453,V1,53229.7917,0.624,11.75,0.02,11.1,0.02,10.91,0.02
NGC6453,V1,53244.8062,0.107,11.21,0.02,10.6,0.03,10.43,0.02
NGC6453,V1,53557.9687,0.186,11.29,0.03,10.64,0.02,10.45,0.03
NGC6453,V1,53574.0085,0.703,11.51,0.01,10.88,0.01,10.7,0.02
NGC6453,V1,53587.9104,0.15,11.31,0.02,10.63,0.02,10.45,0.01
NGC6453,V2,52765.9828,0.792,11.03,0.03,10.5,0.01,10.35,0.02
NGC6453,V2,52781.0917,0.348,11.42,0.01,10.73,0.01,10.55,0.01
NGC6453,V2,52819.0753,0.744,11.06,0.02,10.56,0.02,10.41,0.02
NGC6453,V2,52828.0341,0.073,11.01,0.02,10.45,0.02,10.26,0.02
NGC6453,V2,52897.8056,0.637,11.38,0.01,10.85,0.01,10.72,0.02
NGC6453,V2,52949.7718,0.547,11.73,0.02,11.09,0.02,10.93,0.03
NGC6453,V2,53181.0578,0.047,10.98,0.02,10.43,0.01,10.26,0.02
NGC6453,V2,53217.964,0.403,11.49,0.02,10.82,0.03,10.67,0.03
NGC6453,V2,53218.9323,0.439,11.56,0.02,10.89,0.02,10.73,0.02
NGC6453,V2,53229.7917,0.838,11.02,0.02,10.47,0.02,10.31,0.02
NGC6453,V2,53244.8062,0.39,11.56,0.02,10.85,0.03,10.72,0.02
NGC6453,V2,53557.9687,0.899,10.99,0.03,10.42,0.02,10.24,0.03
NGC6453,V2,53574.0085,0.488,11.68,0.01,11.02,0.01,10.85,0.02
NGC6453,V2,53587.9104,0.999,10.96,0.02,10.42,0.02,10.24,0.01
NGC6569,V16,52349.0817,0.632,10.66,0.05,9.85,0.05,9.58,0.06
NGC6569,V16,52371.1355,0.884,10.43,0.04,9.64,0.04,9.39,0.05
NGC6569,V16,52381.0977,0.998,10.44,0.05,9.58,0.05,9.35,0.06
NGC6569,V16,52388.9973,0.088,10.47,0.05,9.63,0.05,9.39,0.07
NGC6569,V16,52396.0644,0.169,10.48,0.06,9.72,0.06,9.39,0.07
NGC6569,V16,52408.0259,0.306,99.99,0,9.9,0.05,9.6,0.07
NGC6569,V16,52412.1357,0.353,10.81,0.04,9.99,0.04,9.62,0.04
NGC6569,V16,52414.083,0.375,10.86,0.06,10.04,0.07,9.65,0.06
NGC6569,V16,52420.9719,0.454,10.91,0.06,10.05,0.05,9.71,0.06
NGC6569,V16,52430.0927,0.558,10.69,0.07,9.96,0.07,9.68,0.08
NGC6569,V16,52437.0218,0.637,10.55,0.08,9.84,0.06,9.59,0.08
NGC6569,V16,52491.9767,0.265,10.65,0.04,9.74,0.04,9.44,0.04
NGC6569,V16,52506.8819,0.435,10.73,0.06,9.87,0.04,9.6,0.06
NGC6569,V16,52551.7807,0.949,10.28,0.05,9.44,0.04,9.21,0.05
NGC6569,V16,52697.1085,0.609,99.99,0,9.94,0.06,9.71,0.05
NGC6569,V16,52730.1584,0.987,10.22,0.07,9.45,0.05,9.23,0.06
NGC6569,V16,52755.1205,0.272,10.56,0.05,9.67,0.04,9.43,0.06
NGC6569,V16,52773.0975,0.478,99.99,0,9.94,0.05,9.65,0.04
NGC6569,V16,52812.9768,0.934,10.34,0.05,9.53,0.05,9.31,0.06
NGC6569,V16,52834.7756,0.183,10.28,0.06,9.46,0.04,9.21,0.07
NGC6569,V16,52947.7869,0.474,10.59,0.06,9.73,0.05,9.46,0.07
NGC6569,V16,53135.1785,0.616,10.64,0.07,9.84,0.04,9.56,0.06
NGC6569,V16,53173.9827,0.059,10.22,0.06,9.47,0.06,9.24,0.08
NGC6569,V16,53184.1262,0.175,10.34,0.04,9.52,0.04,9.26,0.05
NGC6569,V16,53186.9429,0.208,10.36,0.05,9.54,0.04,9.24,0.05
NGC6569,V16,53202.8868,0.39,10.68,0.06,9.71,0.06,99.99,0
NGC6569,V16,53207.8577,0.447,10.68,0.05,9.78,0.04,9.46,0.06
NGC6569,V16,53228.8992,0.687,10.55,0.05,9.69,0.04,9.42,0.05
NGC6569,V16,53251.9128,0.95,10.22,0.05,9.43,0.04,9.18,0.05
NGC6569,V16,53558.0772,0.449,10.66,0.04,9.85,0.04,9.63,0.04
NGC6569,V16,53564.007,0.517,10.6,0.05,9.79,0.04,9.56,0.05
NGC6569,V16,53575.0034,0.642,10.41,0.06,9.62,0.04,9.4,0.05
NGC6569,V16,53587.963,0.791,10.34,0.06,9.49,0.05,9.29,0.06
NGC6569,V16,53609.9071,0.041,10.44,0.05,9.58,0.04,9.34,0.06
NGC6626,V4,52381.1188,0.63,10.88,0.04,10.3,0.05,10.22,0.06
NGC6626,V4,52389.0037,0.216,10.77,0.05,10.18,0.04,10.05,0.06
NGC6626,V4,52396.0773,0.742,10.71,0.07,10.2,0.06,10.08,0.07
NGC6626,V4,52399.0942,0.966,10.44,0.05,9.91,0.05,9.76,0.06
NGC6626,V4,52408.0396,0.631,10.87,0.05,10.34,0.05,10.26,0.06
NGC6626,V4,52411.0584,0.855,10.54,0.04,10.02,0.04,9.81,0.04
NGC6626,V4,52414.0959,0.081,10.53,0.06,9.94,0.04,9.8,0.06
NGC6626,V4,52421.0051,0.594,10.89,0.04,10.35,0.06,10.18,0.06
NGC6626,V4,52430.1059,0.27,11.05,0.07,10.39,0.07,10.15,0.09
NGC6626,V4,52437.0345,0.785,10.68,0.05,10.09,0.05,9.9,0.08
NGC6626,V4,52491.9893,0.869,10.52,0.04,9.97,0.04,9.86,0.04
NGC6626,V4,52529.8468,0.682,10.72,0.07,10.2,0.06,99.99,0
NGC6626,V4,52551.7932,0.312,99.99,0,10.34,0.04,10.15,0.06
NGC6626,V4,52697.1213,0.111,10.55,0.06,10.02,0.04,9.87,0.05
NGC6626,V4,52730.1715,0.567,11.01,0.08,10.44,0.06,10.25,0.11
NGC6626,V4,52744.0906,0.601,11.12,0.13,10.42,0.09,99.99,0
NGC6626,V4,52771.1784,0.614,10.84,0.05,10.32,0.04,10.17,0.06
NGC6626,V4,53186.9728,0.509,10.95,0.05,10.36,0.04,10.23,0.05
NGC6626,V4,53208.8533,0.135,10.57,0.04,10.02,0.04,9.84,0.05
NGC6626,V4,53230.8009,0.766,10.71,0.04,10.19,0.04,10.09,0.06
NGC6626,V4,53558.0866,0.085,10.52,0.04,9.95,0.05,9.79,0.06
NGC6626,V4,53566.0391,0.676,10.91,0.05,10.37,0.05,10.26,0.06
NGC6626,V4,53582.0305,0.864,10.64,0.04,10.09,0.04,9.99,0.04
NGC6626,V4,53609.934,0.938,10.63,0.05,10.04,0.04,9.97,0.07
NGC6626,V17,52381.1188,0.515,9.66,0.04,9.08,0.05,8.94,0.05
NGC6626,V17,52389.0037,0.679,9.44,0.05,8.78,0.04,8.7,0.06
NGC6626,V17,52396.0773,0.827,9.29,0.07,8.63,0.06,8.44,0.06
NGC6626,V17,52399.0942,0.889,9.16,0.05,8.56,0.05,8.42,0.05
NGC6626,V17,52408.0396,0.076,9.13,0.05,8.53,0.05,8.33,0.05
NGC6626,V17,52411.0584,0.139,9.15,0.04,8.54,0.03,8.36,0.04
NGC6626,V17,52414.0959,0.202,9.27,0.05,8.61,0.04,8.49,0.05
NGC6626,V17,52421.0051,0.346,9.44,0.04,8.78,0.06,8.6,0.06
NGC6626,V17,52430.1059,0.536,9.66,0.07,9.13,0.07,8.89,0.09
NGC6626,V17,52437.0345,0.68,9.52,0.05,8.87,0.05,8.75,0.06
NGC6626,V17,52491.9893,0.825,9.41,0.04,8.81,0.04,8.66,0.04
NGC6626,V17,52529.8468,0.614,9.7,0.07,9.11,0.05,99.99,0
NGC6626,V17,52551.7932,0.071,99.99,0,8.61,0.04,8.45,0.04
NGC6626,V17,52697.1213,0.098,9.36,0.06,8.75,0.04,8.6,0.04
NGC6626,V17,52730.1715,0.787,9.35,0.08,8.74,0.05,8.54,0.08
NGC6626,V17,52744.0906,0.077,9.35,0.09,8.83,0.06,99.99,0
NGC6626,V17,52771.1784,0.641,9.28,0.05,8.67,0.04,8.53,0.04
NGC6626,V17,53186.9728,0.304,9.34,0.05,8.74,0.04,8.6,0.04
NGC6626,V17,53208.8533,0.759,9.35,0.04,8.71,0.03,8.52,0.05
NGC6626,V17,53230.8009,0.217,9.5,0.04,8.86,0.04,8.7,0.05
NGC6626,V17,53558.0866,0.035,9.15,0.04,8.55,0.04,8.4,0.04
NGC6626,V17,53566.0391,0.201,9.35,0.05,8.75,0.04,8.54,0.06
NGC6626,V17,53582.0305,0.534,9.97,0.04,9.37,0.04,9.17,0.04
NGC6626,V17,53609.934,0.115,9.15,0.04,8.6,0.04,8.4,0.06
NGC6749,V1,52768.0988,0.574,13.57,0.03,12.84,0.02,12.56,0.04
NGC6749,V1,52784.0492,0.134,13.28,0.04,12.43,0.02,12.21,0.03
NGC6749,V1,52818.0723,0.726,13.36,0.03,12.63,0.02,12.32,0.03
NGC6749,V1,52832.0607,0.848,13.28,0.05,12.47,0.04,12.22,0.04
NGC6749,V1,52895.7551,0.062,13.2,0.04,12.4,0.02,12.12,0.03
NGC6749,V1,52906.7429,0.514,13.56,0.02,12.78,0.01,12.51,0.02
NGC6749,V1,52922.8165,0.101,13.19,0.04,12.42,0.03,12.14,0.04
NGC6749,V1,53181.9441,0.93,13.2,0.03,12.42,0.02,12.19,0.03
NGC6749,V1,53187.9868,0.278,13.34,0.03,12.56,0.01,12.32,0.03
NGC6749,V1,53196.9717,0.283,13.35,0.03,12.56,0.02,12.3,0.03
NGC6749,V1,53213.9897,0.081,13.22,0.03,12.41,0.02,12.17,0.02
NGC6749,V1,53234.9209,0.752,13.28,0.02,12.52,0.02,12.27,0.02
NGC6749,V1,53559.0123,0.078,13.24,0.02,12.46,0.01,12.2,0.02
NGC6749,V1,53580.8671,0.955,13.2,0.03,12.43,0.02,12.21,0.03
NGC6749,V1,53595.8971,0.309,13.45,0.03,12.64,0.02,12.39,0.02
NGC6749,V1,53606.8355,0.75,13.24,0.03,12.51,0.02,12.22,0.03
NGC6779,V1,53192.9688,0.668,14,0.03,13.71,0.02,13.67,0.08
NGC6779,V1,53206.9123,0.902,13.79,0.06,13.54,0.05,13.35,0.09
NGC6779,V1,53207.9074,0.561,14.16,0.04,13.79,0.04,13.74,0.07
NGC6779,V1,53214.9101,0.199,14,0.04,13.63,0.04,13.43,0.07
NGC6779,V1,53229.834,0.082,13.93,0.05,13.5,0.04,13.54,0.09
NGC6779,V1,53251.8126,0.638,14.02,0.03,13.68,0.02,13.76,0.07
NGC6779,V1,53558.9418,0.035,99.99,0,13.49,0.05,99.99,0
NGC6779,V1,53580.9075,0.581,14.15,0.04,13.81,0.03,13.69,0.07
NGC6779,V1,53595.8681,0.489,14.19,0.04,13.84,0.03,13.79,0.07
NGC6779,V6,53192.9688,0.534,11.08,0.02,10.59,0.02,10.42,0.04
NGC6779,V6,53206.9123,0.844,10.43,0.02,9.99,0.02,9.83,0.05
NGC6779,V6,53207.9074,0.866,10.43,0.02,10.01,0.02,9.85,0.03
NGC6779,V6,53214.9101,0.022,10.46,0.02,10.06,0.02,9.9,0.02
NGC6779,V6,53229.834,0.353,10.75,0.02,10.23,0.02,10.08,0.03
NGC6779,V6,53251.8126,0.842,10.46,0.02,10,0.02,9.88,0.02
NGC6779,V6,53558.9418,0.667,10.87,0.02,10.42,0.02,10.26,0.03
NGC6779,V6,53580.9075,0.155,10.53,0.02,10.1,0.03,9.94,0.03
NGC6779,V6,53595.8681,0.487,11.28,0.03,10.74,0.02,10.58,0.02
NGC7078,V86,52768.1641,0.634,11.94,0.03,11.48,0.02,11.41,0.03
NGC7078,V86,52783.172,0.527,12,0.01,11.6,0.01,11.51,0.02
NGC7078,V86,52820.1193,0.726,11.6,0.02,11.23,0.02,11.14,0.02
NGC7078,V86,52828.0985,0.201,11.63,0.02,11.19,0.01,11.08,0.03
NGC7078,V86,52901.8191,0.589,11.92,0.02,11.49,0.02,11.41,0.02
NGC7078,V86,53179.05,0.091,11.37,0.03,10.98,0.02,10.88,0.03
NGC7078,V86,53187.102,0.57,12.12,0.03,11.74,0.02,11.56,0.03
NGC7078,V86,53207.9628,0.812,11.44,0.03,11.06,0.03,11.02,0.02
NGC7078,V86,53214.9685,0.229,11.68,0.02,11.2,0.01,11.1,0.02
NGC7078,V86,53238.9403,0.656,11.91,0.01,11.53,0.01,11.43,0.02
NGC7078,V86,53579.0404,0.9,11.36,0.02,10.97,0.01,10.9,0.02
NGC7078,V86,53597.9215,0.024,11.28,0.03,10.91,0.02,10.82,0.02
NGC7078,V86,53605.9443,0.501,11.99,0.02,11.55,0.02,11.46,0.02
NGC7089,V1,52755.1657,0.736,11.89,0.02,11.55,0.02,11.5,0.03
NGC7089,V1,52772.1798,0.829,11.69,0.02,11.34,0.02,11.25,0.03
NGC7089,V1,52784.0953,0.595,12.27,0.03,11.89,0.02,11.8,0.03
NGC7089,V1,52818.109,0.779,11.75,0.02,11.42,0.02,11.33,0.03
NGC7089,V1,52828.1153,0.422,12.27,0.02,11.83,0.01,11.73,0.02
NGC7089,V1,52893.8961,0.648,12.12,0.01,11.75,0.01,11.68,0.02
NGC7089,V1,52905.8564,0.416,12.3,0.01,11.88,0.01,11.76,0.02
NGC7089,V1,52926.9015,0.768,11.77,0.01,11.43,0.01,11.34,0.02
NGC7089,V1,53179.0418,0.964,11.55,0.03,11.18,0.02,11.1,0.03
NGC7089,V1,53187.1099,0.482,12.31,0.01,11.91,0.01,11.8,0.02
NGC7089,V1,53207.9469,0.82,11.72,0.02,11.36,0.02,11.29,0.04
NGC7089,V1,53219.0322,0.532,12.29,0.01,11.89,0.01,11.8,0.02
NGC7089,V1,53238.9801,0.814,11.72,0.01,11.36,0.01,11.29,0.03
NGC7089,V1,53250.9482,0.583,12.28,0.02,11.9,0.02,11.78,0.03
NGC7089,V1,53559.076,0.375,12.28,0.02,11.83,0.02,11.68,0.03
NGC7089,V1,53578.0331,0.593,12.23,0.04,11.86,0.03,11.8,0.03
NGC7089,V1,53595.9724,0.745,11.81,0.03,11.46,0.02,11.38,0.02
NGC7089,V1,53605.9259,0.384,12.29,0.02,11.87,0.02,11.75,0.03
NGC7089,V5,52755.1657,0.019,11.43,0.02,11.07,0.01,10.97,0.02
NGC7089,V5,52772.1798,0.988,11.42,0.02,11.05,0.02,10.96,0.03
NGC7089,V5,52784.0953,0.667,12.07,0.03,11.68,0.01,11.58,0.03
NGC7089,V5,52818.109,0.605,12.15,0.02,11.74,0.02,11.66,0.03
NGC7089,V5,52828.1153,0.175,11.63,0.02,11.22,0.01,11.13,0.02
NGC7089,V5,52893.8961,0.922,11.42,0.01,11.05,0.01,10.96,0.02
NGC7089,V5,52905.8564,0.603,12.12,0.01,11.73,0.01,11.65,0.02
NGC7089,V5,52926.9015,0.802,11.66,0.01,11.28,0.01,11.22,0.02
NGC7089,V5,53179.0418,0.165,11.67,0.03,11.24,0.02,11.15,0.03
NGC7089,V5,53187.1099,0.625,12.06,0.01,11.67,0.01,11.6,0.02
NGC7089,V5,53207.9469,0.811,11.62,0.02,11.21,0.02,11.15,0.04
NGC7089,V5,53219.0322,0.443,12.18,0.01,11.72,0.01,11.61,0.02
NGC7089,V5,53238.9801,0.579,12.16,0.01,11.76,0.01,11.67,0.03
NGC7089,V5,53250.9482,0.261,11.91,0.02,11.45,0.02,11.35,0.03
NGC7089,V5,53559.076,0.813,11.55,0.02,11.17,0.02,11.1,0.03
NGC7089,V5,53578.0331,0.893,11.43,0.04,11.06,0.03,10.96,0.03
NGC7089,V5,53595.9724,0.915,11.43,0.03,11.05,0.02,10.96,0.02
NGC7089,V5,53605.9259,0.482,12.16,0.02,11.74,0.02,11.67,0.03
NGC7089,V6,52755.1657,0.045,11.31,0.02,10.95,0.01,10.86,0.02
NGC7089,V6,52772.1798,0.924,11.33,0.02,10.95,0.02,10.88,0.03
NGC7089,V6,52784.0953,0.539,12.15,0.03,11.72,0.01,11.65,0.03
NGC7089,V6,52818.109,0.296,11.75,0.02,11.28,0.02,11.19,0.03
NGC7089,V6,52828.1153,0.813,11.46,0.02,11.1,0.01,11.03,0.02
NGC7089,V6,52893.8961,0.211,11.6,0.01,11.18,0.01,11.08,0.02
NGC7089,V6,52905.8564,0.829,11.42,0.01,11.04,0.01,10.96,0.02
NGC7089,V6,52926.9015,0.916,11.29,0.01,10.93,0.01,10.85,0.02
NGC7089,V6,53179.0418,0.939,11.31,0.03,10.95,0.02,10.85,0.03
NGC7089,V6,53187.1099,0.356,12.03,0.01,11.55,0.01,11.45,0.02
NGC7089,V6,53207.9469,0.433,12.06,0.02,11.62,0.02,11.52,0.04
NGC7089,V6,53219.0322,0.005,11.34,0.01,10.99,0.01,10.89,0.02
NGC7089,V6,53238.9801,0.035,11.36,0.01,11,0.01,10.91,0.03
NGC7089,V6,53250.9482,0.654,11.81,0.02,11.46,0.02,11.4,0.03
NGC7089,V6,53559.076,0.569,11.94,0.02,11.58,0.02,11.48,0.03
NGC7089,V6,53578.0331,0.549,12.06,0.04,11.68,0.03,11.59,0.03
NGC7089,V6,53595.9724,0.475,12.11,0.03,11.7,0.02,11.62,0.02
NGC7089,V6,53605.9259,0.989,11.35,0.02,11.01,0.02,10.92,0.03
NGC7089,V11,52755.1657,0.928,10.63,0.02,10.27,0.01,10.2,0.02
NGC7089,V11,52772.1798,0.438,11.12,0.02,10.67,0.01,10.58,0.02
NGC7089,V11,52784.0953,0.794,10.65,0.03,10.34,0.01,10.28,0.02
NGC7089,V11,52818.109,0.813,10.78,0.02,10.42,0.02,10.35,0.02
NGC7089,V11,52828.1153,0.112,10.6,0.02,10.27,0.01,10.15,0.02
NGC7089,V11,52893.8961,0.082,10.62,0.01,10.29,0.01,10.2,0.01
NGC7089,V11,52905.8564,0.44,11.14,0.01,10.7,0.01,10.61,0.02
NGC7089,V11,52926.9015,0.07,10.57,0.01,10.24,0.01,10.14,0.02
NGC7089,V11,53179.0418,0.619,11.12,0.03,10.74,0.02,10.66,0.03
NGC7089,V11,53187.1099,0.861,10.56,0.01,10.24,0.01,10.17,0.01
NGC7089,V11,53207.9469,0.485,11.02,0.02,10.68,0.02,10.62,0.03
NGC7089,V11,53219.0322,0.816,10.74,0.01,10.38,0.01,10.32,0.01
NGC7089,V11,53238.9801,0.414,11.18,0.01,10.73,0.01,10.64,0.02
NGC7089,V11,53250.9482,0.772,10.67,0.02,10.35,0.02,10.27,0.02
NGC7089,V11,53559.076,0.997,10.57,0.02,10.24,0.01,10.13,0.02
NGC7089,V11,53578.0331,0.565,11.15,0.04,10.82,0.03,10.76,0.03
NGC7089,V11,53595.9724,0.102,10.7,0.02,10.32,0.01,10.24,0.02
NGC7089,V11,53605.9259,0.4,11.13,0.02,10.75,0.02,10.66,0.03